visitorid,all_cnt,dp_cnt,itemid,timestamp
1093035,68,1,16417,1433878407099
1093035,68,1,419470,1433795795883
1093035,68,1,133907,1433784871473
1093035,68,1,69519,1433868359905
1093035,68,1,126929,1433350935563
1093035,68,1,158460,1433958059517
1093035,68,1,331079,1433443918165
1093035,68,1,336393,1433370989122
1093035,68,1,312023,1433536535506
1093035,68,1,5043,1433526943762
1093035,68,1,288418,1433531255373
1093035,68,1,356998,1433965607765
1093035,68,1,98807,1433784871473
1093035,68,2,119736,1433455473821
1093035,68,2,119736,1433799620641
1093035,68,1,120763,1433536535506
1093035,68,1,196177,1433368033163
1093035,68,1,139346,1433884980280
1093035,68,1,357583,1433520364181
1093035,68,1,357585,1433347285690
1093035,68,1,407078,1433961817339
1093035,68,1,313072,1433972692154
1093035,68,2,456056,1433370989122
1093035,68,2,456056,1433961817339
1093035,68,1,288525,1433370658174
1093035,68,1,127415,1433370658174
1093035,68,1,155050,1433536535506
1093035,68,1,289633,1433799620657
1093035,68,1,325256,1433530079565
1093035,68,1,76403,1433781677671
1093035,68,1,147555,1433352873012
1093035,68,1,355994,1433194569585
1093035,68,1,349537,1433784871458
1093035,68,1,246130,1433444748312
1093035,68,1,10384,1433868359858
1093035,68,1,44646,1433443918165
1093035,68,1,130113,1433956602220
1093035,68,1,335331,1433345981116
1093035,68,1,412096,1433372182248
1093035,68,1,138788,1433454135355
1093035,68,1,460188,1433455473883
1093035,68,1,337327,1433527380113
1093035,68,1,324833,1433526943762
1093035,68,1,379520,1433355946214
1093035,68,1,254290,1433449059615
1093035,68,1,446590,1433868882911
1093035,68,1,448494,1433180098349
1093035,68,1,424421,1433350177868
1093035,68,1,27812,1433782057162
1093035,68,1,90835,1433885803769
1093035,68,1,150882,1433444748297
1093035,68,1,193623,1433178577181
1093035,68,1,122219,1433959220159
1093035,68,1,177522,1433875977930
1093035,68,1,96001,1433536535506
1093035,68,1,2270,1433348593875
1093035,68,1,275361,1433879614699
1093035,68,1,71733,1433196034041
1093035,68,1,197083,1433795795883
1093035,68,1,163689,1433795795883
1093035,68,1,414995,1433536535459
1093035,68,1,172894,1433964090285
1093035,68,2,260256,1433368033179
1093035,68,2,260256,1433347285674
1093035,68,1,245577,1433442071113
1093035,68,1,268883,1433523142437
1093035,68,1,156466,1433956602220
1093035,68,1,188455,1433530079565
138131,52,1,420960,1433524744428
138131,52,1,362348,1433951059959
138131,52,1,189818,1433629424592
138131,52,1,326449,1433259838046
138131,52,1,243566,1433559396590
138131,52,1,466109,1433904082646
138131,52,1,266085,1433557070290
138131,52,1,342288,1433551290746
138131,52,1,161911,1433266570016
138131,52,1,301284,1433614935301
138131,52,1,8523,1433965494551
138131,52,1,309778,1433614555329
138131,52,1,390689,1433904839796
138131,52,1,268956,1433270433216
138131,52,1,113419,1433974894034
138131,52,1,151061,1433623104951
138131,52,1,289633,1433522055496
138131,52,1,288525,1433271162004
138131,52,1,300670,1433968696470
138131,52,3,119736,1433522055496
138131,52,3,119736,1433904082646
138131,52,3,119736,1433975236305
138131,52,1,419701,1433606548717
138131,52,1,441415,1433606548820
138131,52,1,283916,1433968053772
138131,52,1,362634,1433273412614
138131,52,1,153301,1433642547382
138131,52,1,123548,1433972725447
138131,52,1,23257,1433523521807
138131,52,1,138427,1433532326122
138131,52,1,144076,1433179832884
138131,52,1,332224,1433553253872
138131,52,1,403591,1433975236305
138131,52,1,47415,1433962757135
138131,52,1,284463,1433971044419
138131,52,1,220749,1433547558064
138131,52,1,130113,1433629424546
138131,52,1,43590,1433623104951
138131,52,1,150882,1433181549959
138131,52,1,289096,1433271162004
138131,52,1,105334,1433290973503
138131,52,1,127842,1433971044517
138131,52,1,86844,1433267079777
138131,52,1,301721,1433629424561
138131,52,1,370390,1433971385530
138131,52,1,179601,1433637865370
138131,52,1,318333,1433548605093
138131,52,1,14932,1433181549959
138131,52,1,245168,1433180634921
138131,52,1,369158,1433629424530
138131,52,1,36995,1433290973503
138131,52,1,186702,1433965494551
438441,47,1,258901,1433452686467
438441,47,1,58233,1433379691317
438441,47,1,372206,1433365662374
438441,47,1,322957,1433358138781
438441,47,1,15822,1433431436773
438441,47,1,398907,1433379282477
438441,47,1,390689,1433449315655
438441,47,1,283115,1433385990499
438441,47,1,398489,1433364580683
438441,47,1,232413,1433358559288
438441,47,1,331552,1433358559288
438441,47,1,389814,1433458193143
438441,47,1,236949,1433460891965
438441,47,1,4001,1433385582146
438441,47,1,413093,1433461699004
438441,47,1,446852,1433368316186
438441,47,1,29725,1433439536826
438441,47,1,272318,1433358559288
438441,47,1,97132,1433367073607
438441,47,1,259405,1433438185878
438441,47,1,403969,1433367073669
438441,47,1,160272,1433377677478
438441,47,1,456874,1433380208307
438441,47,1,191640,1433374911282
438441,47,1,307981,1433379691348
438441,47,1,93608,1433452686436
438441,47,1,108452,1433358138781
438441,47,1,193205,1433373759676
438441,47,1,377133,1433458193127
438441,47,1,390379,1433365662375
438441,47,1,342084,1433358559288
438441,47,3,119736,1433377677494
438441,47,3,119736,1433382787152
438441,47,3,119736,1433438926327
438441,47,1,179601,1433438926327
438441,47,1,211718,1433358559272
438441,47,1,204494,1433382787152
438441,47,1,225877,1433370729560
438441,47,1,301925,1433437668856
438441,47,1,215868,1433359298046
438441,47,1,211561,1433380453488
438441,47,1,87069,1433368316186
438441,47,1,260256,1433376411784
438441,47,1,419468,1433365662374
438441,47,1,234384,1433452686436
438441,47,1,297292,1433376411784
438441,47,1,259467,1433370388230
1161163,46,1,391662,1433988955899
1161163,46,1,461686,1433976686894
1161163,46,1,339917,1433188632471
1161163,46,3,119736,1433185467024
1161163,46,3,119736,1433518030494
1161163,46,3,119736,1433549771403
1161163,46,1,331517,1433553069768
1161163,46,1,317978,1433551241281
1161163,46,1,136553,1433534245490
1161163,46,1,117677,1433539063820
1161163,46,1,5848,1434067334086
1161163,46,1,74518,1433983988908
1161163,46,1,362606,1433554260835
1161163,46,1,408218,1433519770915
1161163,46,1,268335,1433286374065
1161163,46,1,369158,1433983988908
1161163,46,1,416012,1433292686486
1161163,46,1,94521,1434067805221
1161163,46,1,404936,1433547552933
1161163,46,1,26634,1434059600004
1161163,46,1,345211,1433187889318
1161163,46,1,439679,1433977597312
1161163,46,1,325999,1434056187776
1161163,46,1,30024,1433284153813
1161163,46,1,134191,1433541944302
1161163,46,1,190806,1434074800757
1161163,46,1,355994,1433518030369
1161163,46,1,321712,1433178463438
1161163,46,1,23912,1433536892330
1161163,46,1,24728,1433966804222
1161163,46,1,116475,1433277911950
1161163,46,1,9376,1433178463438
1161163,46,1,383396,1433185467024
1161163,46,1,164035,1433298176480
1161163,46,1,241555,1433543377921
1161163,46,1,454640,1434061692458
1161163,46,1,444931,1433541944209
1161163,46,1,72944,1433536892252
1161163,46,1,15466,1433536892127
1161163,46,1,4001,1433549771419
1161163,46,1,422964,1433953012033
1161163,46,1,403566,1433186143040
1161163,46,1,332691,1434074800601
1161163,46,1,325310,1433543377793
1161163,46,1,411886,1434056835127
1161163,46,1,307035,1433541944302
841939,38,1,204209,1433874983190
841939,38,1,270532,1433881393176
841939,38,1,345136,1433891777336
841939,38,1,148855,1433814613267
841939,38,1,113440,1433785597849
841939,38,1,302587,1433816394160
841939,38,1,291893,1433784498424
841939,38,1,71733,1433817531646
841939,38,1,148285,1433789246224
841939,38,1,420960,1433805641889
841939,38,1,448494,1433785597630
841939,38,1,369158,1433813245954
841939,38,1,289915,1433782711005
841939,38,1,348099,1433797020811
841939,38,1,85914,1433874983283
841939,38,1,249702,1433881393176
841939,38,1,424421,1433871408009
841939,38,1,271930,1433785825279
841939,38,1,39677,1433881393176
841939,38,1,257040,1433818516562
841939,38,1,253286,1433877404423
841939,38,1,436195,1433804884637
841939,38,1,423339,1433796264735
841939,38,1,247240,1433898575593
841939,38,1,122604,1433789504877
841939,38,1,260005,1433791011996
841939,38,1,346203,1433781624581
841939,38,1,178274,1433787205834
841939,38,1,405770,1433813246063
841939,38,1,129138,1433884595594
841939,38,1,366238,1433785597677
841939,38,1,442131,1433893977641
841939,38,1,69685,1433801624394
841939,38,1,150730,1433890853246
841939,38,1,222285,1433785597677
841939,38,1,230911,1433800931073
841939,38,1,315685,1433817531739
841939,38,1,247755,1433872006265
892355,24,1,377232,1433706861149
892355,24,1,119736,1433703973431
892355,24,1,399069,1433699516986
892355,24,1,383828,1433793034455
892355,24,1,72299,1433697302657
892355,24,1,51556,1433708289146
892355,24,1,247307,1433813878203
892355,24,1,302242,1433441098642
892355,24,1,372188,1433381947115
892355,24,1,409746,1433702433173
892355,24,1,460553,1433443788228
892355,24,1,394678,1433809343600
892355,24,1,394679,1433698578962
892355,24,1,206241,1433788222427
892355,24,1,236578,1433465510179
892355,24,1,433169,1433383213526
892355,24,1,187913,1433795813050
892355,24,1,161354,1433805937938
892355,24,1,261568,1433445102227
892355,24,1,244458,1433703973431
892355,24,1,53207,1433711759600
892355,24,1,443188,1433377495168
892355,24,1,249207,1433470193480
892355,24,1,384744,1434037214218
503857,19,1,439194,1433455251534
503857,19,1,372188,1433458878112
503857,19,1,111530,1433460183791
503857,19,1,36864,1433464951885
503857,19,1,224464,1433446497121
503857,19,2,236814,1433459561410
503857,19,2,236814,1433448971592
503857,19,1,247376,1433431640796
503857,19,1,260194,1433453349123
503857,19,1,432992,1433469874276
503857,19,1,288418,1433439958229
503857,19,1,184716,1433437102947
503857,19,1,336760,1433465491593
503857,19,1,224614,1433436512947
503857,19,1,244838,1433449669201
503857,19,1,262297,1433439278505
503857,19,1,420960,1433442123716
503857,19,1,216271,1433433177562
503857,19,1,460553,1433434942978
213145,18,1,105601,1433790535818
213145,18,1,21198,1433266863603
213145,18,1,73759,1433785484643
213145,18,1,205139,1433268510501
213145,18,1,445105,1433289877455
213145,18,1,207546,1433802936798
213145,18,1,117075,1433793718291
213145,18,1,23762,1433274130899
213145,18,1,27537,1433702919785
213145,18,1,263606,1433797920980
213145,18,1,181227,1433271826969
213145,18,1,44845,1433266863603
213145,18,1,361038,1433284867441
213145,18,1,50443,1433797920980
213145,18,1,286731,1433778135441
213145,18,1,378223,1433275887413
213145,18,1,382499,1433261127230
213145,18,1,222294,1433789337564
1212999,17,1,192003,1433784306349
1212999,17,1,211975,1433784306365
1212999,17,1,109239,1433784306255
1212999,17,1,222772,1433784306427
1212999,17,1,252023,1433784306255
1212999,17,1,38083,1433784306318
1212999,17,1,121149,1433784306318
1212999,17,1,307733,1433784306412
1212999,17,1,278380,1433784306255
1212999,17,1,259647,1433784306365
1212999,17,1,378834,1433784306333
1212999,17,1,297145,1433784306380
1212999,17,1,93829,1433784306365
1212999,17,1,32500,1433784306318
1212999,17,1,185082,1433784306396
1212999,17,1,330029,1433784306271
1212999,17,1,62805,1433784306302
76757,17,2,144704,1433957426587
76757,17,2,144704,1434049513683
76757,17,1,185570,1433885924443
76757,17,1,414654,1433961281378
76757,17,1,230045,1433973597970
76757,17,1,34320,1433961904472
76757,17,1,264915,1433869024709
76757,17,1,442131,1433970108032
76757,17,1,67438,1433959535515
76757,17,2,119736,1433961281378
76757,17,2,119736,1433970108082
76757,17,1,403,1433953315392
76757,17,1,291559,1433964865448
76757,17,1,280375,1433960741923
76757,17,1,231482,1433972423536
76757,17,1,151178,1433961904362
76757,17,1,234299,1433886448062
286616,17,1,132672,1433289060430
286616,17,1,23246,1433289060399
286616,17,1,418560,1433632401033
286616,17,1,331490,1433279005646
286616,17,1,364449,1433285796517
286616,17,1,303828,1433180140086
286616,17,1,449489,1433280794117
286616,17,1,42002,1433620010602
286616,17,1,268081,1433273019480
286616,17,1,183087,1433183293418
286616,17,1,245994,1433277040699
286616,17,1,432478,1433622530855
286616,17,1,651,1433279005631
286616,17,1,151839,1433276020974
286616,17,1,226820,1433178769532
286616,17,1,435265,1433279891446
286616,17,1,19142,1433289060430
1143383,16,1,194467,1434213545067
1143383,16,1,198683,1433964305835
1143383,16,1,124351,1433950344651
1143383,16,1,262979,1433904649948
1143383,16,1,117438,1433899309014
1143383,16,1,248904,1434210758332
1143383,16,1,84321,1433965319019
1143383,16,1,325256,1433899309061
1143383,16,1,92271,1434215228602
1143383,16,1,98078,1433899309061
1143383,16,1,2829,1433950866900
1143383,16,1,140866,1433989840339
1143383,16,1,208939,1433960427402
1143383,16,1,218626,1433899308967
1143383,16,1,390199,1433899309014
1143383,16,1,62206,1433956981738
1075423,15,1,190293,1433699790408
1075423,15,1,241807,1433698239745
1075423,15,1,50443,1433699790424
1075423,15,1,278549,1433696403288
1075423,15,1,464954,1433707774287
1075423,15,1,46156,1433697311644
1075423,15,1,109663,1433716460248
1075423,15,1,452802,1433703721458
1075423,15,1,399550,1433698239745
1075423,15,1,437128,1433726668704
1075423,15,1,369158,1433729750713
1075423,15,1,171814,1433719201072
1075423,15,1,244571,1433729750838
1075423,15,1,115805,1433701490905
1075423,15,1,108322,1433706011242
163561,14,1,206925,1433385197559
163561,14,1,382649,1433300361401
163561,14,1,324462,1433350256277
163561,14,1,432925,1433353785143
163561,14,1,41422,1433280283528
163561,14,1,44001,1433281061118
163561,14,1,143418,1433360104831
163561,14,1,279618,1433358004480
163561,14,1,421884,1433348839131
163561,14,1,143643,1433382817396
163561,14,1,379390,1433350684460
163561,14,1,277139,1433353145817
163561,14,1,293038,1433350684460
163561,14,1,114121,1433273162266
748040,14,1,165347,1433873241077
748040,14,1,326217,1433864234638
748040,14,1,323191,1433878169312
748040,14,1,97437,1433875835770
748040,14,1,187490,1433900222940
748040,14,1,211207,1433875835770
748040,14,1,457231,1433895538016
748040,14,1,276704,1433901732966
748040,14,1,455804,1433881977826
748040,14,1,23034,1433875835770
748040,14,1,63092,1433896319725
748040,14,1,360487,1433891598658
748040,14,1,256766,1433900222924
748040,14,1,268534,1433869261020
358516,13,1,200854,1433776401079
358516,13,1,188718,1433776401063
358516,13,1,188353,1433781026288
358516,13,1,149253,1433792713902
358516,13,1,430094,1433806775734
358516,13,1,152120,1433783825298
358516,13,1,77769,1433815147542
358516,13,1,454818,1433796560883
358516,13,1,460553,1433782473147
358516,13,1,84593,1433787429929
358516,13,1,124193,1433795848999
358516,13,1,393978,1433818228083
358516,13,1,432184,1433778933418
57905,13,2,62275,1433354007678
57905,13,2,62275,1433353844214
57905,13,1,386480,1433367324610
57905,13,1,36868,1433346827494
57905,13,1,138196,1433347482555
57905,13,1,428257,1433345594393
57905,13,1,341009,1433353471177
57905,13,1,338395,1433346827493
57905,13,1,429769,1433370081160
57905,13,1,267416,1433346255930
57905,13,2,178554,1433354007616
57905,13,2,178554,1433353844167
57905,13,1,459583,1433350460815
350566,13,1,192990,1433208567481
350566,13,1,370745,1433208567481
350566,13,1,261940,1433207013894
350566,13,1,277119,1433207013894
350566,13,1,268335,1433190559806
350566,13,1,241716,1433205452821
350566,13,1,284871,1433184261371
350566,13,1,251130,1433207013894
350566,13,1,16417,1433559828975
350566,13,1,183049,1433179168041
350566,13,1,369093,1433191559664
350566,13,1,283766,1433559828975
350566,13,1,54058,1433184261340
121688,11,1,237753,1433193499713
121688,11,1,200793,1433193501043
121688,11,1,105792,1433193499745
121688,11,1,302422,1433193499807
121688,11,1,380775,1433193499698
121688,11,1,15335,1433193500981
121688,11,1,12836,1433193499698
121688,11,1,25353,1433193499776
121688,11,1,400969,1433193499729
121688,11,1,80582,1433193499838
121688,11,1,317178,1433193499760
1341202,10,1,388624,1433544745271
1341202,10,1,175356,1433526969509
1341202,10,1,446934,1433525896679
1341202,10,1,206930,1433540057562
1341202,10,1,372318,1433543239911
1341202,10,1,347576,1433519679368
1341202,10,1,375532,1433544745271
1341202,10,1,448413,1433540920021
1341202,10,1,381352,1433540920021
1341202,10,1,331311,1433547077932
404403,10,1,150100,1433182772710
404403,10,1,416187,1433184342293
404403,10,1,234199,1433184342308
404403,10,1,26210,1433202709062
404403,10,1,167985,1433185512896
404403,10,1,146735,1433184342341
404403,10,1,36013,1433184342341
404403,10,1,4887,1433184342152
404403,10,1,118199,1433189243087
404403,10,1,50934,1433187283751
1235292,9,1,326447,1433184018826
1235292,9,1,272455,1433184018826
1235292,9,1,150183,1433184018826
1235292,9,1,240004,1433184018951
1235292,9,1,50577,1433184018826
1235292,9,1,63975,1433184018951
1235292,9,1,221963,1433184018826
1235292,9,1,4887,1433184018826
1235292,9,1,133247,1433184018920
1065255,8,1,251751,1434239760216
1065255,8,1,102925,1434250606908
1065255,8,1,416017,1434244308755
1065255,8,1,115001,1434228495957
1065255,8,1,181687,1434249657369
1065255,8,1,384173,1434231708637
1065255,8,1,441668,1434230740261
1065255,8,1,445706,1434228495948
822310,8,1,272988,1434054946131
822310,8,1,70004,1434054946147
822310,8,1,6518,1434054946052
822310,8,1,351861,1434054946131
822310,8,1,420549,1434054946147
822310,8,1,350061,1434054946052
822310,8,1,443161,1434054946131
822310,8,1,164970,1434054946209
577262,8,1,430546,1433987797379
577262,8,1,159555,1433987797379
577262,8,1,102925,1433987797364
577262,8,1,458124,1433987797379
577262,8,1,339070,1433987797379
577262,8,1,2836,1433987797457
577262,8,1,340190,1433987797379
577262,8,1,415062,1433987797457
1254716,8,1,34269,1433294680140
1254716,8,1,85771,1433294680140
1254716,8,1,7574,1433294680140
1254716,8,1,451501,1433294680140
1254716,8,1,79801,1433294680140
1254716,8,1,291964,1433445367283
1254716,8,1,433543,1433294680187
1254716,8,1,120098,1433294680140
371604,7,1,259078,1433868450307
371604,7,1,11390,1433867446774
371604,7,1,137102,1433883922293
371604,7,1,35061,1433891762834
371604,7,1,426751,1433871650225
371604,7,1,279052,1433866607469
371604,7,1,270745,1433864368010
536804,7,1,160272,1433262959938
536804,7,1,276282,1433262959938
536804,7,1,331159,1433262959985
536804,7,1,6364,1433262959938
536804,7,1,406071,1433262959938
536804,7,1,273555,1433262959938
536804,7,1,150889,1433262959859
85734,6,1,418746,1433356273462
85734,6,1,408203,1433978407147
85734,6,1,444763,1433350754495
85734,6,1,425601,1433962057743
85734,6,1,307247,1433973463906
85734,6,1,144507,1433456357963
621474,6,1,92361,1433562556576
621474,6,1,355994,1433563114684
621474,6,1,251534,1433632762759
621474,6,1,65838,1433636265550
621474,6,1,439424,1433563466047
621474,6,1,417070,1433636032389
960004,6,1,301462,1433607515000
960004,6,1,330506,1433632598049
960004,6,1,308144,1433608244608
960004,6,1,234255,1433605544329
960004,6,1,59467,1433608244608
960004,6,1,191106,1433617235778
1150086,6,1,464196,1434068805043
1150086,6,1,398115,1434036525614
1150086,6,1,277638,1434060090795
1150086,6,1,310620,1434058978784
1150086,6,1,332592,1434077292739
1150086,6,1,375955,1434037348016
273406,6,1,246997,1433196272975
273406,6,1,410587,1433196273007
273406,6,1,124065,1433196272960
273406,6,1,120098,1433196272944
273406,6,1,140527,1433196272928
273406,6,1,256146,1433196272991
1236753,6,2,435090,1433187765442
1236753,6,2,435090,1433182913675
1236753,6,2,185179,1433187765442
1236753,6,2,185179,1433182913691
1236753,6,2,336393,1433182913691
1236753,6,2,336393,1433187765442
1168431,6,3,135591,1433973966735
1168431,6,3,135591,1433974592808
1168431,6,3,135591,1433949531667
1168431,6,1,304314,1433973966708
1168431,6,2,109663,1433949531674
1168431,6,2,109663,1433974592808
1258928,6,1,37043,1433917878473
1258928,6,1,318225,1433917878426
1258928,6,1,171465,1433917878473
1258928,6,1,43392,1433917878489
1258928,6,1,413273,1433917878489
1258928,6,1,97132,1433917878473
723092,6,1,8641,1433281190444
723092,6,1,62800,1433281190524
723092,6,1,127722,1433281190444
723092,6,1,185211,1433281190444
723092,6,1,273747,1433281190513
723092,6,1,406121,1433281190460
527277,5,1,57548,1433448499642
527277,5,1,93556,1433448499642
527277,5,1,397642,1433448499720
527277,5,2,351124,1433448499720
527277,5,2,351124,1433439375379
219788,5,1,165876,1433973019589
219788,5,1,392583,1433973019657
219788,5,1,428756,1433973022988
219788,5,1,445681,1433973019647
219788,5,1,451600,1433973019439
820159,5,1,259078,1433194316927
820159,5,1,111306,1433202788608
820159,5,1,202052,1433179768674
820159,5,1,336832,1433178313291
820159,5,1,44882,1433179768830
530033,5,1,80711,1433472451996
530033,5,1,337358,1433468971654
530033,5,1,389158,1433463219214
530033,5,1,332610,1433467992570
530033,5,1,357474,1433473462589
149854,4,1,204808,1433258692694
149854,4,1,346655,1433258692679
149854,4,1,207993,1433258692694
149854,4,1,358598,1433258692694
1317721,4,1,394256,1433436298890
1317721,4,1,425746,1433436298968
1317721,4,1,208880,1433436298921
1317721,4,1,6731,1433436298921
1356496,4,2,248676,1433880994247
1356496,4,2,248676,1433880780729
1356496,4,2,66509,1433880780729
1356496,4,2,66509,1433880994262
451673,4,1,233454,1433709014427
451673,4,1,40046,1433709014427
451673,4,1,55727,1433709014427
451673,4,1,360812,1433709014443
157419,4,1,100367,1433143128786
157419,4,1,63769,1433143128864
157419,4,1,150185,1433143128833
157419,4,1,135703,1433143128880
949454,4,1,82232,1433365582622
949454,4,1,357788,1433365582622
949454,4,1,253549,1433365582606
949454,4,1,109616,1433365582638
608844,4,1,272649,1433962852988
608844,4,1,272732,1433962853051
608844,4,1,281480,1433962853035
608844,4,1,51483,1433962853051
967483,4,1,217089,1433541830375
967483,4,1,315387,1433541830279
967483,4,1,334936,1433541830360
967483,4,1,456549,1433541830375
795060,4,1,32227,1433299659920
795060,4,1,8641,1433299659842
795060,4,1,217218,1433299660094
795060,4,1,331159,1433299660207
972095,4,1,222604,1433576686542
972095,4,1,312781,1433576686493
972095,4,1,230842,1433576686493
972095,4,1,353910,1433576686477
903507,4,1,122604,1433575731972
903507,4,1,222285,1433574468599
903507,4,2,344723,1433575731988
903507,4,2,344723,1433574468599
1406087,4,2,261886,1433243627191
1406087,4,2,261886,1433244264770
1406087,4,2,19269,1433213932769
1406087,4,2,19269,1433244264771
1375515,4,1,301721,1433978320926
1375515,4,1,247240,1433978320926
1375515,4,1,369158,1433978320926
1375515,4,1,216266,1433978320880
434418,3,1,400397,1433439246694
434418,3,1,349140,1433439246631
434418,3,1,159822,1433439246694
73856,3,1,365375,1433651070437
73856,3,1,231810,1433651070437
73856,3,1,407403,1433651070437
345276,3,1,53480,1434244116132
345276,3,1,19629,1434242578747
345276,3,1,355396,1434246432867
456617,3,1,25,1433743130655
456617,3,1,426398,1433743130718
456617,3,1,160904,1433743130591
1372317,3,1,101288,1433862505376
1372317,3,1,388318,1433862505392
1372317,3,1,204677,1433862505392
12148,3,1,193554,1433260083023
12148,3,1,428040,1433260083023
12148,3,1,157438,1433260083007
1134975,3,1,161354,1433800796921
1134975,3,1,303960,1433205732922
1134975,3,1,281212,1433800796921
1209965,3,1,349537,1433260313819
1209965,3,1,427499,1433260313947
1209965,3,1,216786,1433260313767
490761,3,1,16910,1433979616314
490761,3,1,186491,1433979616314
490761,3,1,50221,1433979616314
888741,3,1,206218,1433283890520
888741,3,1,52539,1433283890520
888741,3,1,156767,1433283890520
646421,3,1,458919,1433460557441
646421,3,1,282064,1433460557441
646421,3,1,107519,1433460557441
592787,3,1,390199,1433583852982
592787,3,1,421884,1433583852966
592787,3,1,339411,1433583852935
676700,3,1,328467,1434035057773
676700,3,1,182880,1434035057773
676700,3,1,256146,1434035057758
911093,3,1,277119,1433211518562
911093,3,1,261940,1433211518594
911093,3,1,251130,1433211518578
1216079,3,1,305356,1433563044815
1216079,3,1,271268,1433563044815
1216079,3,1,340022,1433563044815
1387650,3,1,379739,1433696474745
1387650,3,1,358485,1433696474823
1387650,3,1,153407,1433696474823
396761,3,2,391728,1433785234959
396761,3,2,391728,1433785458714
396761,3,1,36873,1433199306504
1137704,3,1,69442,1433315707083
1137704,3,1,214113,1433315707083
1137704,3,1,43090,1433315707083
1169956,3,1,308648,1433667227278
1169956,3,1,35245,1433667227278
1169956,3,1,154955,1433667227297
149978,3,1,358211,1433881166166
149978,3,1,253156,1433881166166
149978,3,1,69941,1433881166166
319482,3,1,194643,1433303490411
319482,3,1,306328,1433303490395
319482,3,1,249161,1433303490395
316213,3,1,96375,1433372542307
316213,3,1,72422,1433372542307
316213,3,1,90897,1433372542244
769676,3,1,206189,1433973380669
769676,3,1,80813,1433973380669
769676,3,1,287472,1433973380685
561611,3,3,15822,1433432349657
561611,3,3,15822,1433432042524
561611,3,3,15822,1433431767340
528074,3,1,312781,1434259156897
528074,3,1,24418,1434259156144
528074,3,1,222604,1434259156756
759288,3,1,52776,1433334711914
759288,3,1,15380,1433334711914
759288,3,1,179290,1433334711914
746939,3,1,392474,1433535672333
746939,3,1,130113,1433535672317
746939,3,1,38706,1433535672317
33196,3,1,245474,1433431240255
33196,3,1,31239,1433431240271
33196,3,1,30336,1433431240271
899857,3,1,332018,1433947259976
899857,3,1,257040,1433802143180
899857,3,1,355670,1433793150852
748342,3,1,276704,1433965073374
748342,3,1,390069,1433965073374
748342,3,1,400077,1433965073374
198153,3,1,312728,1434049852408
198153,3,1,112112,1433449003992
198153,3,1,72747,1433873248877
859454,3,1,402462,1433264927231
859454,3,1,23626,1433264927247
859454,3,1,309438,1433264927262
146698,3,1,133814,1433981083909
146698,3,2,213423,1433975186785
146698,3,2,213423,1433973564029
1202351,3,1,76744,1433635219030
1202351,3,1,35403,1433634882206
1202351,3,1,429595,1433635040101
1233140,3,1,390167,1433216459038
1233140,3,1,167827,1433216459038
1233140,3,1,387504,1433216459038
361387,2,2,43485,1433225957782
361387,2,2,43485,1433226083071
145936,2,1,340918,1433966086792
145936,2,1,400868,1433966086761
981144,2,1,398756,1433503253694
981144,2,1,259395,1433503253631
189384,2,1,299044,1433174518180
189384,2,1,310791,1433174518180
429213,2,2,415884,1433515745763
429213,2,2,415884,1433515888768
1395774,2,2,422671,1433741448096
1395774,2,2,422671,1433740251034
696363,2,2,446306,1434049499677
696363,2,2,446306,1434045365631
407633,2,2,378076,1433794265542
407633,2,2,378076,1433796279627
1249058,2,2,127926,1433187338281
1249058,2,2,127926,1433190308987
1381830,2,2,420896,1433763612658
1381830,2,2,420896,1433763099663
32787,2,1,88325,1434002310138
32787,2,1,133472,1434002310138
701722,2,2,302478,1433961101058
701722,2,2,302478,1433960224256
1129560,2,2,440954,1433266523072
1129560,2,2,440954,1433528061239
557470,2,1,496,1434058611068
557470,2,1,80885,1434058611068
761783,2,1,379953,1433798705541
761783,2,1,316753,1433798705541
1317103,2,1,57946,1433448371036
1317103,2,1,280065,1433448371068
591906,2,1,97836,1433784004953
591906,2,1,436694,1433784004953
378396,2,1,117730,1433712092874
378396,2,1,74750,1433712092874
1162858,2,1,387373,1433173086195
1162858,2,1,463280,1433217292740
1001673,2,2,366859,1433188585658
1001673,2,2,366859,1433188243970
434180,2,2,335041,1433834226468
434180,2,2,335041,1433834850884
189240,2,2,297404,1433442465734
189240,2,2,297404,1433446660593
1029499,2,2,242521,1433353069699
1029499,2,2,242521,1433353220083
418715,2,1,159822,1434176709975
418715,2,1,90389,1434176709975
732767,2,1,396344,1433868354396
732767,2,1,18726,1433868354396
34598,2,1,410001,1433663416250
34598,2,1,361106,1433662199515
425069,2,1,25688,1433242909493
425069,2,1,167501,1433242909571
255393,2,1,146735,1433371232575
255393,2,1,20740,1433371232512
1284340,2,1,347974,1434054104468
1284340,2,1,248840,1434053963149
245293,2,1,318297,1433709932319
245293,2,1,186765,1433709932319
575773,2,1,105430,1433734410999
575773,2,1,4537,1433734410983
796000,2,2,76617,1433980723749
796000,2,2,76617,1433980913593
208560,2,1,187132,1433435465690
208560,2,1,41169,1433435465690
932193,2,2,421987,1433969212120
932193,2,2,421987,1433976251693
731857,2,2,292192,1433443787595
731857,2,2,292192,1433613237946
1106054,2,2,79504,1433823912471
1106054,2,2,79504,1433823887342
433067,2,1,296448,1433532000049
433067,2,1,101876,1433532000049
1157167,2,1,141937,1433800546269
1157167,2,1,8426,1433800546269
58024,2,1,351464,1433942783372
58024,2,1,463871,1433988313067
127910,2,1,425009,1433432524458
127910,2,1,139085,1433432524442
1051557,2,1,423511,1433516826519
1051557,2,1,187359,1433516826519
749201,2,1,198209,1433355089786
749201,2,1,379953,1433355089786
1380494,2,1,234177,1433558495777
1380494,2,1,230918,1433594769627
939309,2,2,420079,1433611114251
939309,2,2,420079,1433610229029
962933,2,1,292966,1433457654381
962933,2,1,426122,1433457654381
625795,2,1,305742,1433442804554
625795,2,1,118024,1433266320403
771946,2,1,368025,1433267710435
771946,2,1,425468,1433267710542
196128,2,1,321577,1433453755272
196128,2,1,390152,1433453755272
32160,2,1,80858,1433530836888
32160,2,1,119737,1433531510386
410841,2,1,132445,1434012162267
410841,2,1,461686,1434012162204
858445,2,2,165169,1433743895904
858445,2,2,165169,1433743497141
1384800,2,2,285758,1433437891811
1384800,2,2,285758,1433438109797
268428,2,1,232172,1433385791361
268428,2,1,192288,1433385791314
1174955,2,1,105371,1433629757245
1174955,2,1,279815,1433629757245
1197550,2,1,367790,1433263919248
1197550,2,1,362851,1433263919217
2019,2,1,393144,1433368509996
2019,2,1,445559,1433368510965
460599,2,1,409080,1433965137447
460599,2,1,360200,1433965137447
250372,2,1,14741,1434007766223
250372,2,1,295196,1434007766427
38015,2,1,427641,1433530223235
38015,2,1,21163,1433523745169
50921,2,2,448481,1433351124420
50921,2,2,448481,1433338781426
158533,2,1,181202,1433964756442
158533,2,1,15058,1433964756442
928046,2,1,456056,1433268375760
928046,2,1,156896,1433268375760
291283,2,2,300559,1433196333767
291283,2,2,300559,1433438665281
697585,2,1,34320,1433962131272
697585,2,1,151178,1433962131241
1303858,2,1,88132,1433979031905
1303858,2,1,211581,1433979031840
472487,2,1,105864,1433715375598
472487,2,1,172894,1433715375583
90496,2,1,98893,1433285348217
90496,2,1,365832,1433285341343
1367601,2,2,318333,1433441070559
1367601,2,2,318333,1433441322982
1167802,2,1,266476,1433294725661
1167802,2,1,165589,1433294725645
1362413,2,2,12609,1433378337295
1362413,2,2,12609,1433378560951
342306,2,1,370295,1433334858830
342306,2,1,390984,1433334858830
45018,2,1,216266,1434028038881
45018,2,1,444593,1434028038881
310685,2,1,40618,1433458903407
310685,2,1,381603,1433458903469
497546,2,1,278319,1433463892817
497546,2,1,287504,1433463892753
25156,2,1,415331,1433971764918
25156,2,1,446522,1433971764918
168685,2,1,111530,1433299158897
168685,2,1,210009,1433299158897
633063,2,1,402462,1433374119251
633063,2,1,312728,1433462594026
943518,2,1,245449,1433317707722
943518,2,1,203964,1433317707909
1165927,2,1,63092,1433454073858
1165927,2,1,263980,1433454073842
1213114,2,1,461686,1433440035627
1213114,2,1,32581,1433440035627
102019,2,1,49521,1433176736422
102019,2,1,150318,1433176736375
263462,2,1,211451,1433613174660
263462,2,1,161153,1433613174660
322407,2,2,260957,1433179992292
322407,2,2,260957,1433180103843
252840,2,1,116252,1433633441171
252840,2,1,204860,1433633441171
1104300,2,1,256164,1433902951781
1104300,2,1,202825,1433902951781
340182,2,1,370885,1433802886058
340182,2,1,338148,1433802886058
959037,2,1,299908,1433449927388
959037,2,1,106359,1433448249882
263391,2,2,248614,1433297342483
263391,2,2,248614,1433298953359
906238,2,2,427931,1433552340250
906238,2,2,427931,1433552502216
1318394,2,2,318333,1433208558795
1318394,2,2,318333,1433271494422
929382,2,2,400873,1433783538094
929382,2,2,400873,1433785586361
952388,2,1,66405,1433698149624
952388,2,1,375955,1433698149546
221099,2,2,361431,1434181494627
221099,2,2,361431,1434239732876
855614,2,1,300906,1433545904353
855614,2,1,104699,1433545904353
502189,2,1,133907,1434048260372
502189,2,1,338543,1434048833265
534712,2,1,320434,1433908135787
534712,2,1,185680,1433908136584
777788,2,1,165773,1433381182528
777788,2,1,216266,1433381182465
983395,2,1,384453,1433386469656
983395,2,1,385755,1433386469656
1281446,2,2,55925,1433213354800
1281446,2,2,55925,1433211802766
144274,2,2,181576,1434086190984
144274,2,2,181576,1434086403830
1020169,2,1,226728,1433208822979
1020169,2,1,175555,1433208823027
370723,2,1,170262,1433598300234
370723,2,1,12217,1433598300234
937584,2,1,248327,1434051605164
937584,2,1,459475,1434051605164
807851,2,1,360292,1434231162795
807851,2,1,461686,1434240517461
1050805,2,1,251415,1433201358406
1050805,2,1,78822,1433201358437
1052311,2,1,97836,1434060970289
1052311,2,1,314715,1434060970289
608628,2,1,57245,1433199257394
608628,2,1,185598,1433199718976
774018,2,1,274798,1433477561675
774018,2,1,288077,1433477561675
99830,2,1,219821,1433268156454
99830,2,1,329443,1433268156689
553273,2,1,413896,1433644571543
553273,2,1,334342,1433644571637
734633,2,1,188836,1433792772201
734633,2,1,42328,1433792772201
939751,2,2,38965,1433472933938
939751,2,2,38965,1433472685625
343137,2,1,403039,1433982394135
343137,2,1,325115,1433983125722
805204,2,1,271268,1433271100601
805204,2,1,281480,1433269428344
67712,2,2,207825,1433955142674
67712,2,2,207825,1433957710157
248671,2,1,439194,1433788553338
248671,2,1,424506,1433788553323
1296635,2,1,178498,1433707586663
1296635,2,1,247698,1433530425338
170618,2,1,54698,1433791969749
170618,2,1,342264,1433791969702
583003,2,1,363030,1433996940928
583003,2,1,245985,1433996941022
998545,2,1,2142,1433453378170
998545,2,1,286731,1433453378248
446931,2,1,399374,1433398738970
446931,2,1,454818,1433398738970
1359706,2,1,64137,1433693594315
1359706,2,1,89044,1433693594330
1076270,2,1,36035,1433223390388
1076270,2,1,262799,1433223390388
687775,2,1,402527,1433898085463
687775,2,1,414571,1433898085463
1004088,2,1,217918,1433726078231
1004088,2,1,322551,1433726078231
422894,2,1,89901,1433967077177
422894,2,1,457970,1433973602980
792741,2,1,255908,1433982077638
792741,2,1,77514,1433956145523
691766,2,1,8611,1433258874136
691766,2,1,417008,1433258874136
961411,2,1,253156,1433358706516
961411,2,1,232172,1433358706516
1246436,2,2,68106,1433984961672
1246436,2,2,68106,1433984338634
747091,2,1,390988,1433374255954
747091,2,1,453646,1433374256047
879685,2,1,17478,1433702475644
879685,2,1,461710,1433702475622
933310,2,1,247307,1433354956431
933310,2,1,179494,1433354956431
1106190,2,1,441617,1433525756171
1106190,2,1,91970,1433525756186
79566,2,2,32971,1433983458548
79566,2,2,32971,1433983979184
