timestamp,visitorid,event,itemid,transactionid
1433222276276,599528,transaction,356475,4000
1433193500981,121688,transaction,15335,11117
1433193915008,552148,transaction,81345,5444
1433176736375,102019,transaction,150318,13556
1433174518180,189384,transaction,310791,7244
1433184261340,350566,transaction,54058,8796
1433184261371,350566,transaction,284871,8796
1433182772710,404403,transaction,150100,5216
1433164275232,505565,transaction,243566,11713
1433180403455,945184,transaction,245400,2415
1433177808042,1406787,transaction,336832,15915
1433179768674,820159,transaction,202052,14924
1433202096802,319880,transaction,7943,11615
1433199718976,608628,transaction,185598,11956
1433212286455,956011,transaction,338308,3051
1433208558795,1318394,transaction,318333,11413
1433208587406,61806,transaction,68242,1343
1433209368340,1331125,transaction,185896,11138
1433211518562,911093,transaction,277119,1798
1433211518578,911093,transaction,251130,1798
1433143128864,157419,transaction,63769,16605
1433143128880,157419,transaction,135703,16605
1433154271395,1166562,transaction,103311,16717
1433196261122,464138,transaction,428257,16951
1433196272991,273406,transaction,256146,8900
1433216459038,1233140,transaction,167827,15894
1433216459038,1233140,transaction,387504,15894
1433207202981,813069,transaction,201598,11179
1433207298898,504901,transaction,367664,8467
1433205161452,1041255,transaction,10034,17128
1433206419951,328126,transaction,159822,14179
1433187283751,404403,transaction,50934,7686
1433185053966,497826,transaction,380493,14914
1433184438292,666960,transaction,89977,17118
1433185467024,1161163,transaction,383396,118
1433213354800,1281446,transaction,55925,6155
1433191943403,217773,transaction,308648,1482
1433193499698,121688,transaction,380775,11117
1433222027775,1043433,transaction,181045,9766
1433176253107,1242777,transaction,430292,17312
1433174518180,189384,transaction,299044,7244
1433159711054,826010,transaction,138356,16490
1433183293418,286616,transaction,183087,8906
1433184055367,1192199,transaction,461765,8010
1433184018826,1235292,transaction,221963,1139
1433184018826,1235292,transaction,4887,1139
1433182913691,1236753,transaction,336393,10874
1433178463438,1161163,transaction,321712,17496
1433179923397,977567,transaction,177773,17306
1433180034080,1252850,transaction,277201,16934
1433177009579,34648,transaction,281211,11609
1433199643887,22090,transaction,205566,14860
1433199306504,396761,transaction,36873,17479
1433208822979,1020169,transaction,226728,4258
1433211518594,911093,transaction,261940,1798
1433211519825,800638,transaction,27812,15184
1433218772086,571258,transaction,50329,5291
1433218598043,1299250,transaction,422948,15155
1433220252198,254621,transaction,404936,438
1433196273007,273406,transaction,410587,8900
1433196333767,291283,transaction,300559,7299
1433188585658,1001673,transaction,366859,10811
1433188606423,1344887,transaction,446524,7323
1433188819667,639964,transaction,360258,17497
1433189637878,1233931,transaction,445821,12555
1433203309713,876581,transaction,125862,2216
1433187146713,480593,transaction,107195,6580
1433187728616,1094490,transaction,454964,6344
1433187765442,1236753,transaction,185179,4455
1433187596017,422787,transaction,259078,12051
1433184342341,404403,transaction,36013,7630
1433223390388,1076270,transaction,262799,17277
1433193499713,121688,transaction,237753,11117
1433199121219,84327,transaction,264774,14171
1433202709062,404403,transaction,26210,15931
1433174726623,1381613,transaction,189444,17173
1433173374975,1026720,transaction,8426,16795
1433180634921,138131,transaction,245168,6985
1433178577181,1093035,transaction,193623,11012
1433179992292,322407,transaction,260957,7215
1433178463438,1161163,transaction,9376,17496
1433178313291,820159,transaction,336832,1987
1433184018951,1235292,transaction,240004,1139
1433180771663,555094,transaction,42260,12701
1433181200010,873401,transaction,281211,2653
1433182397420,570360,transaction,430292,7666
1433181549959,138131,transaction,150882,10835
1433181549959,138131,transaction,14932,10835
1433218466987,1042749,transaction,448601,14738
1433211802766,1281446,transaction,55925,4055
1433188632471,1161163,transaction,339917,15991
1433190551915,346597,transaction,427749,11698
1433189243087,404403,transaction,118199,3712
1433198351627,1360085,transaction,104801,3588
1433169372254,1291803,transaction,375181,12855
1433216459038,1233140,transaction,390167,15894
1433212910465,422045,transaction,361554,6424
1433212724916,536757,transaction,303517,2208
1433216315975,530205,transaction,458637,8038
1433206785637,708918,transaction,275559,5911
1433207380667,455557,transaction,213695,14377
1433205732922,1134975,transaction,303960,12383
1433207013894,350566,transaction,251130,4219
1433187765442,1236753,transaction,435090,4455
1433186012285,295220,transaction,335630,15085
1433187338281,1249058,transaction,127926,16043
1433186686648,416426,transaction,428015,6165
1433184534685,1212037,transaction,32147,12267
1433185467024,1161163,transaction,119736,118
1433184342308,404403,transaction,234199,7630
1433213932769,1406087,transaction,19269,9423
1433215520956,748120,transaction,427499,2790
1433194316927,820159,transaction,259078,3391
1433193085532,500008,transaction,310206,11750
1433193499760,121688,transaction,317178,11117
1433221326923,158090,transaction,10572,11220
1433222536130,529601,transaction,161166,2045
1433190559806,350566,transaction,268335,9658
1433180098349,1093035,transaction,448494,4101
1433179168041,350566,transaction,183049,6362
1433196272928,273406,transaction,140527,8900
1433184018826,1235292,transaction,150183,1139
1433208823027,1020169,transaction,175555,4258
1433165859828,1012089,transaction,346139,6737
1433171446599,347598,transaction,55731,14302
1433207013894,350566,transaction,261940,4219
1433173086195,1162858,transaction,387373,1681
1433184342293,404403,transaction,416187,7630
1433185512896,404403,transaction,167985,94
1433201443950,308270,transaction,384895,4667
1433202788608,820159,transaction,111306,7094
1433198836721,1307202,transaction,181576,11470
1433201125706,1139092,transaction,259114,1357
1433199257394,608628,transaction,57245,12043
1433217292740,1162858,transaction,463280,14440
1433215970293,1166817,transaction,7943,17559
1433191559664,350566,transaction,369093,12822
1433194569585,1093035,transaction,355994,14699
1433193499698,121688,transaction,12836,11117
1433193499729,121688,transaction,400969,11117
1433193499745,121688,transaction,105792,11117
1433193499776,121688,transaction,25353,11117
1433217654699,996134,transaction,461180,10233
1433219570700,754142,transaction,63489,13875
1433182913691,1236753,transaction,185179,10874
1433182913675,1236753,transaction,435090,10874
1433181549748,81688,transaction,99610,8954
1433184018826,1235292,transaction,272455,1139
1433184018826,1235292,transaction,326447,1139
1433184018920,1235292,transaction,133247,1139
1433184018951,1235292,transaction,63975,1139
1433181783046,1018325,transaction,96940,3110
1433143128833,157419,transaction,150185,16605
1433139388863,178066,transaction,381613,5492
1433179768830,820159,transaction,44882,14924
1433179832884,138131,transaction,144076,4581
1433208567481,350566,transaction,370745,37
1433208567481,350566,transaction,192990,37
1433208241913,611548,transaction,442837,9914
1433187765442,1236753,transaction,336393,4455
1433185330109,866540,transaction,329522,11534
1433184342341,404403,transaction,146735,7630
1433196272960,273406,transaction,124065,8900
1433198382539,55135,transaction,164885,616
1433198283947,1366259,transaction,384399,1172
1433195097894,539910,transaction,385201,3839
1433196272944,273406,transaction,120098,8900
1433171142950,1364162,transaction,315543,17081
1433188477639,162815,transaction,1684,4556
1433188243970,1001673,transaction,366859,3305
1433207013894,350566,transaction,277119,4219
1433174948216,309647,transaction,19883,2341
1433173991714,1088275,transaction,288418,5872
1433172696636,293206,transaction,379092,1624
1433176736422,102019,transaction,49521,13556
1433193501043,121688,transaction,200793,11117
1433193499838,121688,transaction,80582,11117
1433193499807,121688,transaction,302422,11117
1433191555600,850173,transaction,243470,12573
1433219596058,1168808,transaction,189444,11515
1433220001968,770690,transaction,190260,15097
1433223390388,1076270,transaction,36035,17277
1433201358437,1050805,transaction,78822,12945
1433201358406,1050805,transaction,251415,12945
1433199871847,854740,transaction,115530,15084
1433141032674,244838,transaction,102573,1213
1433143128786,157419,transaction,100367,16605
1433178769532,286616,transaction,226820,1102
1433180103843,322407,transaction,260957,11055
1433180140086,286616,transaction,303828,695
1433190308987,1249058,transaction,127926,9199
1433182217238,191439,transaction,821,10165
1433184018826,1235292,transaction,50577,1139
1433174371620,282705,transaction,431447,13390
1433196272975,273406,transaction,246997,8900
1433196034041,1093035,transaction,71733,13075
1433205452821,350566,transaction,241716,15826
1433205040692,1285763,transaction,317435,13398
1433184956036,1346478,transaction,181202,4423
1433184342152,404403,transaction,4887,7630
1433186143040,1161163,transaction,403566,12465
1433187889318,1161163,transaction,345211,7779
1433299899528,961085,transaction,231565,16356
1433299660094,795060,transaction,217218,2547
1433278056218,125208,transaction,339808,12260
1433287366325,1003058,transaction,312728,15426
1433277040699,286616,transaction,245994,9194
1433276164383,565078,transaction,448494,250
1433268051196,592348,transaction,199348,11033
1433266320403,625795,transaction,118024,16350
1433269428344,805204,transaction,281480,12248
1433225957782,361387,transaction,43485,15665
1433265997637,1274063,transaction,189764,12422
1433264013976,1366764,transaction,243980,11545
1433297342483,263391,transaction,248614,16835
1433294680140,1254716,transaction,120098,14609
1433281190444,723092,transaction,127722,13303
1433283890520,888741,transaction,52539,12559
1433290973503,138131,transaction,105334,12711
1433303490395,319482,transaction,306328,14156
1433271100601,805204,transaction,271268,6474
1433260083007,12148,transaction,157438,5921
1433301250621,1171969,transaction,8724,9971
1433268156454,99830,transaction,219821,13767
1433262959938,536804,transaction,6364,1524
1433262959985,536804,transaction,331159,1524
1433263575852,730188,transaction,316753,4979
1433263755948,634120,transaction,7943,10507
1433309163248,1280613,transaction,336359,8910
1433306405022,1123085,transaction,151471,306
1433226083071,361387,transaction,43485,3881
1433227105920,262607,transaction,383396,13342
1433298176480,1161163,transaction,164035,17055
1433294731041,915374,transaction,158575,11356
1433273162266,163561,transaction,114121,9120
1433270163555,161529,transaction,164035,16246
1433270433216,138131,transaction,268956,14814
1433271162004,138131,transaction,288525,17198
1433271162004,138131,transaction,289096,17198
1433283890520,888741,transaction,206218,12559
1433281190524,723092,transaction,62800,13303
1433279012090,296401,transaction,321984,13566
1433274908060,1108396,transaction,151320,872
1433293540992,478763,transaction,234255,16062
1433290973503,138131,transaction,36995,12711
1433260313947,1209965,transaction,427499,12031
1433258874136,691766,transaction,417008,1466
1433261335499,371941,transaction,134309,10807
1433262098621,470165,transaction,46156,15166
1433261006099,1143344,transaction,451207,8849
1433299659842,795060,transaction,8641,2547
1433298953359,263391,transaction,248614,6016
1433300361401,163561,transaction,382649,11789
1433299876256,858127,transaction,23762,11446
1433299158897,168685,transaction,210009,2336
1433262631633,65249,transaction,130231,15671
1433262951538,705177,transaction,319855,5346
1433264927262,859454,transaction,309438,2070
1433264927231,859454,transaction,402462,2070
1433262959859,536804,transaction,150889,1524
1433264051542,226547,transaction,460553,195
1433289060399,286616,transaction,23246,10007
1433284911957,196046,transaction,443030,13777
1433285341343,90496,transaction,365832,1523
1433285348217,90496,transaction,98893,1523
1433268036879,479324,transaction,21886,1552
1433269475604,139064,transaction,267010,8218
1433268375760,928046,transaction,456056,2041
1433267337608,595321,transaction,322666,10019
1433245849602,652566,transaction,250618,599
1433242909571,425069,transaction,167501,5313
1433250410522,589789,transaction,217840,2733
1433297474578,488277,transaction,221317,3658
1433294680140,1254716,transaction,34269,14609
1433294680140,1254716,transaction,85771,14609
1433281190444,723092,transaction,8641,13303
1433281190444,723092,transaction,185211,13303
1433284867441,213145,transaction,361038,7381
1433282465217,936737,transaction,360258,5146
1433281430657,85555,transaction,368283,17285
1433303444514,1059475,transaction,20740,2944
1433274312879,517720,transaction,107367,10798
1433275309310,333746,transaction,427499,1865
1433273252578,851973,transaction,40582,4326
1433270175708,1026208,transaction,240822,15229
1433273204437,21302,transaction,171814,10552
1433270602320,101161,transaction,199975,13706
1433259838046,138131,transaction,326449,489
1433258692694,149854,transaction,358598,4806
1433258692694,149854,transaction,207993,4806
1433258692679,149854,transaction,346655,4806
1433260313819,1209965,transaction,349537,12031
1433299659920,795060,transaction,32227,2547
1433302578447,555887,transaction,451806,16803
1433285155085,208678,transaction,445728,9886
1433310304308,960928,transaction,448119,2037
1433303490395,319482,transaction,249161,14156
1433303490411,319482,transaction,194643,14156
1433306024304,854858,transaction,432478,14144
1433243627191,1406087,transaction,261886,12603
1433282877849,22596,transaction,299915,831
1433282145413,305234,transaction,296968,17437
1433262959938,536804,transaction,273555,1524
1433262959938,536804,transaction,406071,1524
1433263919248,1197550,transaction,367790,10505
1433266570016,138131,transaction,161911,15016
1433268375760,928046,transaction,156896,2041
1433273704487,1083188,transaction,134255,14674
1433272383650,673572,transaction,428554,16783
1433271494422,1318394,transaction,318333,3046
1433277531183,249247,transaction,73051,1412
1433278611555,1000767,transaction,457410,11901
1433280956931,419048,transaction,123079,14500
1433277911950,1161163,transaction,116475,17521
1433281061118,163561,transaction,44001,30
1433275976637,331270,transaction,180751,12271
1433275316963,3926,transaction,335331,8689
1433274130899,213145,transaction,23762,2352
1433289670552,300882,transaction,26154,5385
1433261278451,37382,transaction,255708,10144
1433258874136,691766,transaction,8611,1466
1433262070617,1314032,transaction,100393,8297
1433302861436,672767,transaction,431918,5450
1433299158897,168685,transaction,111530,2336
1433299660207,795060,transaction,331159,2547
1433285916428,273385,transaction,55133,4029
1433262959938,536804,transaction,160272,1524
1433262959938,536804,transaction,276282,1524
1433263919217,1197550,transaction,362851,10505
1433266159918,482439,transaction,463280,6727
1433265045979,1218905,transaction,444190,10143
1433266863603,213145,transaction,44845,14028
1433268416135,308437,transaction,436938,7892
1433268375573,712844,transaction,366421,11307
1433268156689,99830,transaction,329443,13767
1433281747323,1355914,transaction,179290,14518
1433281190513,723092,transaction,273747,13303
1433281190460,723092,transaction,406121,13303
1433283890520,888741,transaction,156767,12559
1433283197129,88841,transaction,37068,8709
1433284153813,1161163,transaction,30024,13402
1433282569392,825321,transaction,54008,15470
1433244264770,1406087,transaction,261886,17535
1433225582252,992844,transaction,322078,11666
1433244264771,1406087,transaction,19269,17535
1433232930235,992447,transaction,324670,2821
1433242909493,425069,transaction,25688,5313
1433255440772,1200007,transaction,266085,15588
1433298168533,1027708,transaction,168166,13691
1433294806568,1335026,transaction,326173,15942
1433294680140,1254716,transaction,451501,14609
1433294680140,1254716,transaction,7574,14609
1433273087540,991198,transaction,327083,9862
1433273412614,138131,transaction,362634,17265
1433280794117,286616,transaction,449489,11965
1433276569028,686854,transaction,384212,415
1433274365596,196502,transaction,415653,12224
1433273850714,566850,transaction,410143,12715
1433275887413,213145,transaction,378223,7106
1433289060430,286616,transaction,132672,10007
1433292911333,1270624,transaction,60980,12082
1433258692694,149854,transaction,204808,4806
1433261127230,213145,transaction,382499,16056
1433266523072,1129560,transaction,440954,2837
1433266863603,213145,transaction,21198,14028
1433268510501,213145,transaction,205139,4072
1433267710542,771946,transaction,425468,7105
1433267079777,138131,transaction,86844,5105
1433267710435,771946,transaction,368025,7105
1433268054794,167489,transaction,374554,10050
1433285796517,286616,transaction,364449,2062
1433289060430,286616,transaction,19142,10007
1433287304778,69804,transaction,428257,119
1433286374065,1161163,transaction,268335,939
1433245861933,1170936,transaction,272563,8800
1433262893341,893043,transaction,362606,6996
1433264927247,859454,transaction,23626,2070
1433294725661,1167802,transaction,266476,3327
1433294725645,1167802,transaction,165589,3327
1433294680187,1254716,transaction,433543,14609
1433294680140,1254716,transaction,79801,14609
1433295334737,1028073,transaction,89775,12150
1433272604928,1149234,transaction,166703,7654
1433271826969,213145,transaction,181227,12302
1433273019480,286616,transaction,268081,8668
1433273731898,1114514,transaction,441653,9667
1433284885403,121322,transaction,465951,4084
1433279005631,286616,transaction,651,13087
1433279005646,286616,transaction,331490,13087
1433279891446,286616,transaction,435265,14154
1433280283528,163561,transaction,41422,10529
1433276020974,286616,transaction,151839,2150
1433276068065,1201579,transaction,184086,15975
1433275204826,760652,transaction,260609,589
1433289877455,213145,transaction,445105,6789
1433292686486,1161163,transaction,416012,2329
1433258954508,213240,transaction,241274,4813
1433260083023,12148,transaction,193554,5921
1433260083023,12148,transaction,428040,5921
1433260313767,1209965,transaction,216786,12031
1433385522358,1202248,transaction,433441,2572
1433385119450,266762,transaction,38932,5941
1433382787152,438441,transaction,204494,2787
1433385791314,268428,transaction,192288,14644
1433382817396,163561,transaction,143643,10955
1433350684460,163561,transaction,379390,3662
1433350684460,163561,transaction,293038,3662
1433350379996,1339801,transaction,465943,6395
1433350177868,1093035,transaction,424421,83
1433351665074,468154,transaction,111572,14820
1433336137178,893113,transaction,273958,9541
1433343743928,1196832,transaction,310702,15168
1433381947115,892355,transaction,372188,12253
1433378984879,310500,transaction,76447,17480
1433380453488,438441,transaction,211561,5744
1433373759676,438441,transaction,193205,17190
1433355946214,1093035,transaction,379520,953
1433354956431,933310,transaction,179494,2476
1433334711914,759288,transaction,179290,1366
1433317707722,943518,transaction,245449,12185
1433392161836,1259098,transaction,461686,11502
1433387792508,1072212,transaction,170262,2622
1433391882550,974794,transaction,420960,10724
1433390585021,42040,transaction,334477,723
1433360899795,1100390,transaction,80858,2459
1433365662375,438441,transaction,390379,4110
1433367897382,946607,transaction,406543,16000
1433368316186,438441,transaction,446852,10501
1433368033179,1093035,transaction,260256,6086
1433365411517,566009,transaction,187719,14366
1433395383765,677741,transaction,291217,3338
1433395937414,403341,transaction,173956,7473
1433393500705,729155,transaction,269085,15520
1433346827494,57905,transaction,36868,7360
1433347285690,1093035,transaction,357585,6943
1433345981116,1093035,transaction,335331,9347
1433347482555,57905,transaction,138196,12578
1433346827493,57905,transaction,338395,7360
1433358138781,438441,transaction,108452,4533
1433358559288,438441,transaction,272318,2623
1433358559288,438441,transaction,342084,2623
1433359298046,438441,transaction,215868,9629
1433385582146,438441,transaction,4001,4958
1433386469656,983395,transaction,384453,10539
1433352258779,907091,transaction,49754,14427
1433353069699,1029499,transaction,242521,4487
1433350754495,85734,transaction,444763,3566
1433353145817,163561,transaction,277139,16635
1433344401899,149194,transaction,143621,3203
1433347477385,1090857,transaction,401682,10941
1433347285674,1093035,transaction,260256,6943
1433346603608,264398,transaction,430240,1352
1433394153568,523878,transaction,127969,5307
1433311756948,1308455,transaction,256721,1131
1433317707909,943518,transaction,203964,12185
1433315707083,1137704,transaction,43090,17279
1433312355633,973908,transaction,80858,8499
1433370989122,1093035,transaction,336393,11840
1433370388230,438441,transaction,259467,12667
1433370729560,438441,transaction,225877,13708
1433371232575,255393,transaction,146735,12843
1433372542244,316213,transaction,90897,16715
1433354760084,940689,transaction,19750,14544
1433353471177,57905,transaction,341009,8004
1433353341021,917293,transaction,290509,332
1433353255101,499833,transaction,152236,7919
1433355089786,749201,transaction,379953,15958
1433365637775,338801,transaction,449023,1843
1433365582638,949454,transaction,109616,7023
1433368509996,2019,transaction,393144,4700
1433365582622,949454,transaction,357788,7023
1433368303450,321452,transaction,374825,10185
1433368510965,2019,transaction,445559,4700
1433382332197,228703,transaction,81705,17224
1433379691317,438441,transaction,58233,7719
1433378337295,1362413,transaction,12609,12747
1433377677478,438441,transaction,160272,8568
1433380208307,438441,transaction,456874,6423
1433362000052,740324,transaction,162556,9656
1433358559288,438441,transaction,331552,2623
1433360104831,163561,transaction,143418,14693
1433358778909,1363181,transaction,152249,15913
1433358004480,163561,transaction,279618,4538
1433358647635,1002060,transaction,427952,1907
1433358138781,438441,transaction,322957,4533
1433364136734,156973,transaction,197394,16029
1433350256277,163561,transaction,324462,12837
1433352199435,849034,transaction,370745,15726
1433352048433,1260481,transaction,359344,17548
1433350966464,654148,transaction,216305,11801
1433351124420,50921,transaction,448481,7534
1433393626284,1354658,transaction,245409,10664
1433394145526,53181,transaction,239968,1549
1433376411784,438441,transaction,260256,14729
1433354956431,933310,transaction,247307,2476
1433354007678,57905,transaction,62275,15753
1433355202913,163049,transaction,38965,862
1433356853538,256505,transaction,373360,13896
1433354691025,207917,transaction,449489,4206
1433353785143,163561,transaction,432925,13370
1433354549857,556967,transaction,151855,2
1433353220083,1029499,transaction,242521,2419
1433334711914,759288,transaction,15380,1366
1433311440957,91370,transaction,171143,3286
1433315707083,1137704,transaction,214113,17279
1433370057771,40175,transaction,97750,4903
1433372182248,1093035,transaction,412096,5830
1433371173188,1066293,transaction,76499,11598
1433370658174,1093035,transaction,127415,6154
1433385990499,438441,transaction,283115,13497
1433386856368,849908,transaction,36904,17378
1433383884921,123031,transaction,179601,2683
1433382823722,411703,transaction,162474,15027
1433358317713,147954,transaction,1891,3944
1433358559288,438441,transaction,232413,2623
1433358706516,961411,transaction,253156,6323
1433367324610,57905,transaction,386480,16910
1433365582622,949454,transaction,82232,7023
1433388451581,775282,transaction,89044,4107
1433348593875,1093035,transaction,2270,9512
1433381182465,777788,transaction,216266,2846
1433384554561,709126,transaction,188148,10780
1433385197559,163561,transaction,206925,3038
1433351250770,1267997,transaction,358391,11723
1433378560951,1362413,transaction,12609,15968
1433379691348,438441,transaction,307981,7719
1433379818886,693104,transaction,207749,16627
1433377677494,438441,transaction,119736,8568
1433376411784,438441,transaction,297292,14729
1433374256047,747091,transaction,453646,1275
1433355428735,985901,transaction,58863,4960
1433356273462,85734,transaction,418746,9913
1433354007616,57905,transaction,178554,15753
1433354586426,311402,transaction,208270,1937
1433353844214,57905,transaction,62275,13527
1433334711914,759288,transaction,52776,1366
1433313236007,424643,transaction,309005,10271
1433372542307,316213,transaction,96375,16715
1433388826339,576405,transaction,76426,4745
1433362562088,913490,transaction,276155,15139
1433362522513,580612,transaction,248566,1132
1433363083970,379864,transaction,168952,11008
1433365582606,949454,transaction,253549,7023
1433368033163,1093035,transaction,196177,6086
1433365662374,438441,transaction,372206,4110
1433346255930,57905,transaction,267416,9283
1433352873012,1093035,transaction,147555,10762
1433350460815,57905,transaction,459583,10223
1433350935563,1093035,transaction,126929,13727
1433349432638,106733,transaction,46644,9625
1433352559915,100840,transaction,187913,15150
1433338781426,50921,transaction,448481,10267
1433341095465,789844,transaction,107352,5029
1433383213526,892355,transaction,433169,4304
1433384071480,105033,transaction,185896,10805
1433374255954,747091,transaction,390988,1275
1433372947780,666908,transaction,12885,14573
1433376426997,1342737,transaction,390591,5820
1433377118313,552165,transaction,409804,81
1433354281494,273431,transaction,411886,9591
1433353844167,57905,transaction,178554,13527
1433353604473,251892,transaction,143643,10092
1433320483351,747310,transaction,113952,14296
1433370989122,1093035,transaction,456056,11840
1433371661197,542183,transaction,404369,1520
1433368865898,596234,transaction,461891,4708
1433392435845,295588,transaction,437293,6111
1433395787671,547933,transaction,334094,16404
1433362525469,983850,transaction,242245,7827
1433367073669,438441,transaction,403969,2517
1433367073607,438441,transaction,97132,2517
1433367158720,859783,transaction,138290,2795
1433368316186,438441,transaction,87069,10501
1433364775188,1244048,transaction,144507,15194
1433379282477,438441,transaction,398907,9636
1433382691494,500412,transaction,161354,9463
1433348839131,163561,transaction,421884,2369
1433345594393,57905,transaction,428257,5821
1433348986187,1122208,transaction,430042,11808
1433345966787,451106,transaction,17478,8899
1433386469656,983395,transaction,385755,10539
1433386168030,597930,transaction,146364,14495
1433384184272,1037560,transaction,97890,7
1433385791361,268428,transaction,232172,14644
1433382787152,438441,transaction,119736,2787
1433351882556,1252195,transaction,326234,6883
1433349902290,1088976,transaction,390799,17462
1433353030824,480628,transaction,361976,15638
1433350904729,151498,transaction,413921,14088
1433337378646,743835,transaction,76196,13332
1433339491895,494239,transaction,177179,15371
1433355089786,749201,transaction,198209,15958
1433395708052,187302,transaction,417927,2680
1433374911282,438441,transaction,191640,9376
1433372892859,763195,transaction,76533,16485
1433374119251,633063,transaction,402462,4601
1433334858830,342306,transaction,390984,2371
1433334858830,342306,transaction,370295,2371
1433315707083,1137704,transaction,69442,17279
1433312122944,1297821,transaction,121086,10621
1433370081160,57905,transaction,429769,609
1433370658174,1093035,transaction,288525,6154
1433372542307,316213,transaction,72422,16715
1433371232512,255393,transaction,20740,12843
1433392100605,770282,transaction,152433,1791
1433360855765,1322865,transaction,313391,8771
1433358559272,438441,transaction,211718,2623
1433358706516,961411,transaction,232172,6323
1433358402052,1402575,transaction,333089,14123
1433365662374,438441,transaction,419468,4110
1433364580683,438441,transaction,398489,1795
1433362748435,469105,transaction,309778,1839
1433348620042,432499,transaction,142671,17068
1433347341887,1257751,transaction,52888,2712
1433344928272,1159681,transaction,413990,8082
1433381182528,777788,transaction,165773,2846
1433377495168,892355,transaction,443188,3746
1433473462589,530033,transaction,357474,7771
1433469544060,610403,transaction,168386,6958
1433453755272,196128,transaction,321577,9619
1433452686467,438441,transaction,258901,9925
1433436298921,1317721,transaction,6731,3770
1433437102947,503857,transaction,184716,3844
1433437125983,1230978,transaction,41803,13204
1433437891811,1384800,transaction,285758,5708
1433439246631,434418,transaction,349140,3785
1433460557441,646421,transaction,458919,2120
1433460557441,646421,transaction,282064,2120
1433460172250,1224659,transaction,204777,16998
1433462594026,633063,transaction,312728,9453
1433478826706,729152,transaction,31514,12327
1433479792494,878690,transaction,105812,10326
1433439818106,307607,transaction,26102,7207
1433442566527,128223,transaction,302563,2055
1433441070559,1367601,transaction,318333,8914
1433440854985,1207981,transaction,350734,8693
1433411976182,407882,transaction,1171,3653
1433407301079,95233,transaction,181483,3041
1433476350370,405676,transaction,50259,13755
1433477768216,1362665,transaction,117075,8328
1433443918165,1093035,transaction,331079,11022
1433446143101,166173,transaction,112277,11275
1433457654381,962933,transaction,426122,11537
1433458878112,503857,transaction,372188,17112
1433455473883,1093035,transaction,460188,15356
1433455473821,1093035,transaction,119736,15356
1433458727265,253924,transaction,92466,15040
1433456860873,1337142,transaction,226828,1033
1433448499720,527277,transaction,351124,23
1433433177562,503857,transaction,216271,10054
1433434942978,503857,transaction,460553,12997
1433431640796,503857,transaction,247376,8518
1433474057275,365135,transaction,208939,1037
1433472933938,939751,transaction,38965,3937
1433451332260,668775,transaction,3563,11345
1433452686436,438441,transaction,93608,9925
1433463219214,530033,transaction,389158,3352
1433460891965,438441,transaction,236949,9181
1433460557441,646421,transaction,107519,2120
1433461699004,438441,transaction,413093,11548
1433457982999,1028639,transaction,343861,14092
1433458193143,438441,transaction,389814,16549
1433457654381,962933,transaction,292966,11537
1433398738970,446931,transaction,399374,9662
1433481643037,823143,transaction,7943,15980
1433438338691,813307,transaction,446522,9224
1433436693348,1152346,transaction,367627,3642
1433439278505,503857,transaction,262297,11124
1433436512947,503857,transaction,224614,4324
1433436298968,1317721,transaction,425746,3770
1433439536826,438441,transaction,29725,10868
1433429426028,1116716,transaction,271151,2509
1433427774860,1369100,transaction,461455,13420
1433443918165,1093035,transaction,44646,11022
1433446497121,503857,transaction,224464,13027
1433444748312,1093035,transaction,246130,66
1433444748297,1093035,transaction,150882,66
1433441098642,892355,transaction,302242,15385
1433440035627,1213114,transaction,461686,6087
1433442465734,189240,transaction,297404,7186
1433450166772,428886,transaction,193518,4394
1433448499720,527277,transaction,397642,23
1433448218204,700903,transaction,252340,9560
1433449059615,1093035,transaction,254290,15979
1433432524458,127910,transaction,425009,11555
1433433553105,621588,transaction,30024,4663
1433468971654,530033,transaction,337358,15212
1433464716866,74483,transaction,374092,3241
1433465069282,184974,transaction,6633,1119
1433470331304,811563,transaction,370019,3540
1433472451996,530033,transaction,80711,14048
1433451722703,1170743,transaction,164344,11112
1433453378248,998545,transaction,286731,4003
1433452686436,438441,transaction,234384,9925
1433452019640,221190,transaction,80435,7397
1433454135355,1093035,transaction,138788,15105
1433453149331,226075,transaction,417927,13889
1433459741892,354324,transaction,78890,652
1433463191162,1041299,transaction,153935,16133
1433441322982,1367601,transaction,318333,8914
1433442055678,494335,transaction,460553,16586
1433440035627,1213114,transaction,32581,6087
1433442804554,625795,transaction,305742,10961
1433398738970,446931,transaction,454818,9662
1433429363201,477390,transaction,265966,9730
1433448499642,527277,transaction,93556,23
1433448479086,651173,transaction,317938,8811
1433448249882,959037,transaction,106359,13010
1433467992570,530033,transaction,332610,13232
1433456357963,85734,transaction,144507,3425
1433458903407,310685,transaction,40618,3829
1433438185878,438441,transaction,259405,14893
1433439246694,434418,transaction,400397,3785
1433438109797,1384800,transaction,285758,5708
1433438325793,741296,transaction,417464,16826
1433477561675,774018,transaction,274798,15273
1433475760391,109408,transaction,165337,8926
1433432349657,561611,transaction,15822,16621
1433431240271,33196,transaction,30336,15712
1433435465690,208560,transaction,187132,5992
1433434466071,128578,transaction,92678,15059
1433431436773,438441,transaction,15822,5148
1433470221928,888739,transaction,312728,11005
1433454073842,1165927,transaction,263980,2429
1433453349123,503857,transaction,260194,6124
1433453378170,998545,transaction,2142,4003
1433482955345,207043,transaction,194010,5641
1433478932031,366204,transaction,128519,17216
1433463892817,497546,transaction,278319,6072
1433460183791,503857,transaction,111530,15071
1433462099280,897873,transaction,395497,3916
1433442071113,1093035,transaction,245577,17308
1433442686503,154454,transaction,249434,16603
1433442342578,40879,transaction,133052,4675
1433439246694,434418,transaction,159822,3785
1433437134419,301201,transaction,256432,13207
1433435787321,52108,transaction,397692,13598
1433436759860,953412,transaction,84337,6117
1433439666655,987912,transaction,175246,16917
1433449203869,506467,transaction,30048,15887
1433449315655,438441,transaction,390689,16463
1433445712208,802259,transaction,345576,15239
1433444372577,1304736,transaction,228392,12784
1433434417567,649460,transaction,121377,1261
1433432524442,127910,transaction,139085,11555
1433431240255,33196,transaction,245474,15712
1433435465690,208560,transaction,41169,5992
1433432042524,561611,transaction,15822,15763
1433431767340,561611,transaction,15822,13186
1433465491593,503857,transaction,336760,15030
1433469316866,1072230,transaction,334477,14661
1433470193480,892355,transaction,249207,409
1433472031703,1001567,transaction,9877,15624
1433454073858,1165927,transaction,63092,2429
1433453375329,494396,transaction,80858,3264
1433442123716,503857,transaction,420960,15777
1433425589400,1396583,transaction,176162,5898
1433459561410,503857,transaction,236814,9206
1433438926327,438441,transaction,179601,375
1433438245544,577261,transaction,448494,16774
1433437668856,438441,transaction,301925,4387
1433439375379,527277,transaction,351124,11198
1433436520139,1040979,transaction,268883,400
1433436298890,1317721,transaction,394256,3770
1433474165685,366436,transaction,33139,11408
1433443787595,731857,transaction,292192,16012
1433446660593,189240,transaction,297404,15289
1433445102227,892355,transaction,261568,3416
1433455251534,503857,transaction,439194,11430
1433458193127,438441,transaction,377133,16549
1433447986181,323687,transaction,95729,17593
1433448371036,1317103,transaction,57946,3821
1433449927388,959037,transaction,299908,15157
1433449669201,503857,transaction,244838,16642
1433431240271,33196,transaction,31239,15712
1433432622192,95794,transaction,430550,7884
1433469240754,1152644,transaction,418606,3517
1433465510179,892355,transaction,236578,9030
1433474227078,783905,transaction,309778,10296
1433474768218,1313950,transaction,88425,15405
1433474400637,1247679,transaction,185117,10792
1433477561675,774018,transaction,288077,15273
1433452849011,89000,transaction,336842,9985
1433453755272,196128,transaction,390152,9619
1433436298921,1317721,transaction,208880,3770
1433438665281,291283,transaction,300559,1820
1433438926327,438441,transaction,119736,375
1433469874276,503857,transaction,432992,14949
1433469446213,966010,transaction,46458,12050
1433472685625,939751,transaction,38965,16625
1433463892753,497546,transaction,287504,6072
1433442051313,337282,transaction,316472,9533
1433439958229,503857,transaction,288418,14197
1433402644043,33571,transaction,58638,10896
1433448499642,527277,transaction,57548,23
1433448971592,503857,transaction,236814,10703
1433448371068,1317103,transaction,280065,3821
1433449003992,198153,transaction,112112,16885
1433443788228,892355,transaction,460553,12685
1433445367283,1254716,transaction,291964,853
1433446155080,763580,transaction,257115,15026
1433447160811,462027,transaction,315911,1735
1433458903469,310685,transaction,381603,3829
1433478796174,286790,transaction,226828,14819
1433435298207,1168133,transaction,205541,3165
1433464951885,503857,transaction,36864,8263
1433526943762,1093035,transaction,5043,4009
1433552340250,906238,transaction,427931,9653
1433548605093,138131,transaction,318333,4604
1433516826519,1051557,transaction,187359,9419
1433510397097,397350,transaction,60980,8807
1433509049184,1187988,transaction,80858,12836
1433536892127,1161163,transaction,15466,13224
1433536513507,129689,transaction,226828,11653
1433535672333,746939,transaction,392474,5327
1433536535506,1093035,transaction,155050,3282
1433544745271,1341202,transaction,388624,8327
1433546363023,1077145,transaction,272259,16877
1433543377793,1161163,transaction,325310,14384
1433547490637,1051607,transaction,257040,2561
1433503253694,981144,transaction,398756,5024
1433524744428,138131,transaction,420960,11909
1433523521807,138131,transaction,23257,6141
1433525756186,1106190,transaction,91970,2818
1433561011770,1021202,transaction,312717,552
1433532326122,138131,transaction,138427,15756
1433532000049,433067,transaction,296448,12236
1433540687737,889802,transaction,158912,3429
1433539063820,1161163,transaction,117677,4028
1433538994366,666046,transaction,394217,6591
1433540483877,1270574,transaction,286940,8037
1433565172794,352193,transaction,358041,3357
1433518030494,1161163,transaction,119736,3620
1433553069768,1161163,transaction,331517,6902
1433569388406,1055770,transaction,210846,14031
1433538923961,390314,transaction,257040,4782
1433541830360,967483,transaction,334936,4761
1433540920021,1341202,transaction,448413,14275
1433552414317,503511,transaction,127879,12652
1433512276384,823073,transaction,210002,7541
1433536892330,1161163,transaction,23912,13224
1433526969509,1341202,transaction,175356,17295
1433529066379,1290069,transaction,249933,7185
1433522837946,387860,transaction,160975,12733
1433526491184,1391644,transaction,51483,168
1433563044815,1216079,transaction,340022,3936
1433559508276,886402,transaction,461765,3207
1433531255373,1093035,transaction,288418,15224
1433533772131,1316274,transaction,177536,7095
1433545904353,855614,transaction,104699,12419
1433545904353,855614,transaction,300906,12419
1433522055496,138131,transaction,289633,4440
1433556183373,1398811,transaction,266553,5579
1433553253872,138131,transaction,332224,4413
1433530067713,143679,transaction,384397,4133
1433535672317,746939,transaction,130113,5327
1433536535506,1093035,transaction,312023,3282
1433538437736,74080,transaction,62613,11168
1433536331214,904294,transaction,366888,14311
1433536394462,22944,transaction,328901,14035
1433541944302,1161163,transaction,307035,9683
1433540057562,1341202,transaction,206930,2374
1433541830375,967483,transaction,217089,4761
1433525756171,1106190,transaction,441617,2818
1433549771419,1161163,transaction,4001,1178
1433549387088,508334,transaction,51408,962
1433559828975,350566,transaction,283766,6912
1433559534286,1084617,transaction,176824,13144
1433559116522,266693,transaction,390992,2759
1433531510386,32160,transaction,119737,15929
1433545434173,1137997,transaction,234255,14551
1433544745271,1341202,transaction,375532,8327
1433545934754,940608,transaction,215904,1164
1433565286459,960916,transaction,291394,13288
1433522055496,138131,transaction,119736,4440
1433540920021,1341202,transaction,381352,14275
1433541830375,967483,transaction,456549,4761
1433541944209,1161163,transaction,444931,9683
1433542236019,853851,transaction,50133,846
1433542134109,960145,transaction,9877,7129
1433530079565,1093035,transaction,325256,13301
1433530079565,1093035,transaction,188455,13301
1433528061239,1129560,transaction,440954,6632
1433527380113,1093035,transaction,337327,10543
1433515745763,429213,transaction,415884,255
1433535672317,746939,transaction,38706,5327
1433536535506,1093035,transaction,96001,3282
1433536535459,1093035,transaction,414995,3282
1433536892252,1161163,transaction,72944,13224
1433487065988,903935,transaction,122604,4271
1433485032314,108972,transaction,290465,14988
1433524598559,118487,transaction,420960,10702
1433526046814,267357,transaction,37254,286
1433563044815,1216079,transaction,271268,3936
1433559828975,350566,transaction,16417,6912
1433559396590,138131,transaction,243566,10510
1433558694767,1322168,transaction,296375,5727
1433530836888,32160,transaction,80858,109
1433547077932,1341202,transaction,331311,4078
1433545679157,1109044,transaction,175485,16448
1433543377921,1161163,transaction,241555,14384
1433557203704,21048,transaction,462461,17171
1433554260835,1161163,transaction,362606,6871
1433526943762,1093035,transaction,324833,4009
1433530425338,1296635,transaction,247698,12495
1433541944302,1161163,transaction,134191,9683
1433516826519,1051557,transaction,423511,9419
1433515888768,429213,transaction,415884,6929
1433535084524,901467,transaction,222166,7517
1433538438623,1078513,transaction,283916,17413
1433536535506,1093035,transaction,120763,3282
1433487994144,1263954,transaction,235274,9059
1433523745169,38015,transaction,21163,12496
1433526073654,86669,transaction,343033,6880
1433563044815,1216079,transaction,305356,3936
1433558495777,1380494,transaction,234177,2214
1433563114684,621474,transaction,355994,15738
1433532000049,433067,transaction,101876,12236
1433547558064,138131,transaction,220749,8502
1433546182689,404907,transaction,13043,6480
1433519001615,1044703,transaction,251868,16444
1433518030369,1161163,transaction,355994,3620
1433519679368,1341202,transaction,347576,5134
1433557070290,138131,transaction,266085,16070
1433557583299,57006,transaction,119737,17184
1433557094927,389441,transaction,139740,4951
1433530223235,38015,transaction,427641,13965
1433536424639,537781,transaction,393028,3279
1433537932811,445764,transaction,318333,15082
1433563466047,621474,transaction,439424,6482
1433517243508,335297,transaction,294438,7664
1433503253631,981144,transaction,259395,5024
1433525896679,1341202,transaction,446934,13784
1433523142437,1093035,transaction,268883,2133
1433526073333,255309,transaction,165095,15119
1433552502216,906238,transaction,427931,16983
1433551290746,138131,transaction,342288,8170
1433551241281,1161163,transaction,317978,725
1433549771403,1161163,transaction,119736,1178
1433562556576,621474,transaction,92361,8671
1433560417253,1344286,transaction,9646,17502
1433534245490,1161163,transaction,136553,1518
1433543239911,1341202,transaction,372318,5477
1433547552933,1161163,transaction,404936,8933
1433541830279,967483,transaction,315387,4761
1433541281561,1277783,transaction,300086,2490
1433518677880,211269,transaction,309778,4476
1433520364181,1093035,transaction,357583,15701
1433519770915,1161163,transaction,408218,12828
1433612291436,1119553,transaction,420079,1733
1433637163275,791547,transaction,233695,13944
1433639610408,1088465,transaction,417927,169
1433632762759,621474,transaction,251534,3098
1433636265550,621474,transaction,65838,7411
1433632401033,286616,transaction,418560,16700
1433576686542,972095,transaction,222604,5915
1433576686493,972095,transaction,312781,5915
1433576686477,972095,transaction,353910,5915
1433594769627,1380494,transaction,230918,5593
1433579638845,1245257,transaction,243566,343
1433612686700,596737,transaction,206141,1218
1433613174660,263462,transaction,161153,3022
1433613830786,771810,transaction,138309,14116
1433617235778,960004,transaction,191106,4056
1433649622012,957392,transaction,373725,16924
1433651070437,73856,transaction,407403,3775
1433645872661,917036,transaction,325310,16965
1433605544329,960004,transaction,234255,8456
1433611114251,939309,transaction,420079,12040
1433608244608,960004,transaction,308144,5110
1433608244608,960004,transaction,59467,5110
1433606548820,138131,transaction,441415,4373
1433639255530,25481,transaction,299222,10842
1433637531995,45512,transaction,305250,9477
1433623104951,138131,transaction,43590,17443
1433619705503,766389,transaction,324290,5976
1433622530855,286616,transaction,432478,15134
1433629757245,1174955,transaction,105371,2280
1433626024668,62058,transaction,344388,4970
1433647969256,186588,transaction,309778,4996
1433644590517,1204969,transaction,124583,2271
1433644571637,553273,transaction,334342,11942
1433574468599,903507,transaction,222285,10883
1433575731988,903507,transaction,344723,10956
1433576686493,972095,transaction,230842,5915
1433598300234,370723,transaction,12217,2244
1433651644057,1295240,transaction,278679,2730
1433651070437,73856,transaction,231810,3775
1433613061587,431811,transaction,144675,14291
1433611941404,989085,transaction,283916,2470
1433637601062,498381,transaction,407078,1770
1433637865370,138131,transaction,179601,1992
1433642306038,629436,transaction,99093,8361
1433614555329,138131,transaction,309778,14490
1433613174660,263462,transaction,211451,3022
1433613237946,731857,transaction,292192,2888
1433614935301,138131,transaction,301284,6842
1433629424561,138131,transaction,301721,14036
1433635040101,1202351,transaction,429595,8448
1433652046400,288474,transaction,124272,2358
1433650818760,118734,transaction,144507,4311
1433651070437,73856,transaction,365375,3775
1433583852982,592787,transaction,390199,1657
1433571044389,657378,transaction,2785,12910
1433622776842,413096,transaction,127969,6249
1433620858650,1091107,transaction,393768,8729
1433643532157,321381,transaction,93831,15359
1433611766562,583827,transaction,421063,16437
1433607515000,960004,transaction,301462,13405
1433633441171,252840,transaction,116252,4898
1433622196123,975757,transaction,25744,7274
1433620569357,483303,transaction,223203,2008
1433571533642,1286827,transaction,436694,15658
1433642547382,138131,transaction,153301,2092
1433644571543,553273,transaction,413896,11942
1433629424592,138131,transaction,189818,14036
1433610229029,939309,transaction,420079,16938
1433606548717,138131,transaction,419701,4373
1433625072729,1015123,transaction,232172,5078
1433625947237,1123106,transaction,118408,8420
1433620010602,286616,transaction,42002,14579
1433622839219,332997,transaction,417059,2064
1433623217239,190940,transaction,169583,16347
1433573784976,977450,transaction,391688,15770
1433583852966,592787,transaction,421884,1657
1433583852935,592787,transaction,339411,1657
1433574468599,903507,transaction,344723,10883
1433575731972,903507,transaction,122604,10956
1433598300234,370723,transaction,170262,2244
1433652176195,390426,transaction,352723,8976
1433653004308,904885,transaction,421063,16309
1433649438430,1050385,transaction,424421,7839
1433629757245,1174955,transaction,279815,2280
1433626787906,911674,transaction,391484,9342
1433629424546,138131,transaction,130113,14036
1433629424530,138131,transaction,369158,14036
1433639886707,435104,transaction,48030,7011
1433653492608,1140205,transaction,345095,1017
1433614941002,447985,transaction,309778,8504
1433634882206,1202351,transaction,35403,5121
1433632629322,1159765,transaction,444487,15115
1433632598049,960004,transaction,330506,15205
1433633441171,252840,transaction,204860,4898
1433636032389,621474,transaction,417070,2357
1433635219030,1202351,transaction,76744,14950
1433623104951,138131,transaction,151061,17443
1433624045948,302394,transaction,369112,8675
1433713620630,110014,transaction,395435,4317
1433715375598,472487,transaction,105864,13424
1433713798331,286780,transaction,222604,7792
1433714191156,1366797,transaction,387220,5646
1433712092874,378396,transaction,74750,15620
1433707194800,42942,transaction,62043,9079
1433706767181,238511,transaction,130451,16331
1433709932319,245293,transaction,186765,1268
1433709932319,245293,transaction,318297,1268
1433707774287,1075423,transaction,464954,605
1433701490905,1075423,transaction,115805,13926
1433699790424,1075423,transaction,50443,1815
1433699917845,1093151,transaction,427107,16066
1433703973431,892355,transaction,244458,10582
1433717577661,213098,transaction,465276,6286
1433733735943,16158,transaction,136860,9338
1433728140448,1228324,transaction,369924,15498
1433662199515,34598,transaction,361106,10200
1433688037376,659301,transaction,78144,16499
1433692247616,72232,transaction,68048,638
1433726668704,1075423,transaction,437128,12214
1433696474745,1387650,transaction,379739,9405
1433696474823,1387650,transaction,358485,9405
1433726228697,1164547,transaction,315393,3800
1433721401522,1314856,transaction,280848,5675
1433723982332,1287192,transaction,279457,16590
1433726078231,1004088,transaction,217918,15231
1433704386999,1246346,transaction,256473,7585
1433702475622,879685,transaction,461710,1712
1433696403288,1075423,transaction,278549,7104
1433709014427,451673,transaction,233454,17069
1433667227278,1169956,transaction,35245,14201
1433716628581,1012647,transaction,109663,10632
1433718633015,1127021,transaction,357531,9605
1433738035815,35112,transaction,161354,7306
1433739330753,440481,transaction,122873,14137
1433743130591,456617,transaction,160904,9163
1433741448096,1395774,transaction,422671,9951
1433699790408,1075423,transaction,190293,1815
1433702919785,213145,transaction,27537,9758
1433703721458,1075423,transaction,452802,5023
1433699516986,892355,transaction,399069,15812
1433713875465,139392,transaction,367664,5522
1433713448625,1340323,transaction,222684,13676
1433734410983,575773,transaction,4537,4518
1433731892061,303436,transaction,424387,9979
1433706011242,1075423,transaction,108322,1050
1433663416250,34598,transaction,410001,15768
1433660478874,476870,transaction,387377,2779
1433688987242,866924,transaction,366888,10455
1433738601079,570716,transaction,117075,8457
1433738867656,237614,transaction,379273,3149
1433716824966,531661,transaction,224184,4
1433729750713,1075423,transaction,369158,3426
1433698149624,952388,transaction,66405,15353
1433695976618,193036,transaction,433504,9344
1433697302657,892355,transaction,72299,13580
1433698578962,892355,transaction,394679,6035
1433693594315,1359706,transaction,64137,1777
1433693594330,1359706,transaction,89044,1777
1433696492738,314747,transaction,304880,3476
1433698239745,1075423,transaction,399550,460
1433710321802,372661,transaction,339517,3687
1433712092874,378396,transaction,117730,15620
1433711759600,892355,transaction,53207,14049
1433715375583,472487,transaction,172894,13424
1433714268138,673919,transaction,429304,16256
1433702433173,892355,transaction,409746,223
1433720952051,1311741,transaction,46156,1325
1433733629354,599633,transaction,316183,9012
1433709014427,451673,transaction,40046,17069
1433708961410,869123,transaction,411886,1559
1433667227278,1169956,transaction,308648,14201
1433739333870,506007,transaction,377960,4571
1433738892422,1245659,transaction,336165,12829
1433740626189,1339274,transaction,41217,8624
1433739757785,1249201,transaction,280065,14412
1433743130655,456617,transaction,25,9163
1433729750838,1075423,transaction,244571,3426
1433698239745,1075423,transaction,241807,460
1433715497082,1116426,transaction,362697,16362
1433711340768,91900,transaction,179601,11054
1433721399194,1209444,transaction,152569,8828
1433726078231,1004088,transaction,322551,15231
1433702475644,879685,transaction,17478,1712
1433700076985,1052428,transaction,407952,8043
1433720055948,756735,transaction,133647,6057
1433716460248,1075423,transaction,109663,17610
1433709513624,1391212,transaction,255708,9488
1433706861149,892355,transaction,377232,7616
1433709014427,451673,transaction,55727,17069
1433709014443,451673,transaction,360812,17069
1433730979016,305506,transaction,338660,12742
1433743130718,456617,transaction,426398,9163
1433697311644,1075423,transaction,46156,5721
1433734410999,575773,transaction,105430,4518
1433719201072,1075423,transaction,171814,5294
1433708289146,892355,transaction,51556,15216
1433707586663,1296635,transaction,178498,5888
1433667227297,1169956,transaction,154955,14201
1433703973431,892355,transaction,119736,10582
1433738382957,639780,transaction,246666,17300
1433738738691,998383,transaction,428257,14108
1433740251034,1395774,transaction,422671,17163
1433730079549,1234499,transaction,32299,9020
1433696474823,1387650,transaction,153407,9405
1433698149546,952388,transaction,375955,15353
1433795795883,1093035,transaction,419470,14272
1433796071060,1364680,transaction,410647,15118
1433796264735,841939,transaction,423339,4374
1433795795883,1093035,transaction,163689,14272
1433784306412,1212999,transaction,307733,17211
1433784306427,1212999,transaction,222772,17211
1433784871473,1093035,transaction,133907,8905
1433784871473,1093035,transaction,98807,8905
1433782057162,1093035,transaction,27812,8943
1433784306302,1212999,transaction,62805,17211
1433783825298,358516,transaction,152120,10881
1433782711005,841939,transaction,289915,3831
1433810249263,1038221,transaction,429907,5282
1433810960849,908941,transaction,306034,1030
1433823912471,1106054,transaction,79504,7866
1433821354874,1111928,transaction,257200,9906
1433748335994,766502,transaction,414995,10859
1433744661819,1022199,transaction,357531,10142
1433743638758,635650,transaction,399374,297
1433769937806,667217,transaction,255708,13043
1433776401079,358516,transaction,200854,6113
1433792772201,734633,transaction,188836,17121
1433799197772,494369,transaction,289633,15721
1433802143180,899857,transaction,257040,3774
1433800779655,1337408,transaction,360487,3716
1433799620657,1093035,transaction,289633,6736
1433785261995,964726,transaction,100918,11141
1433787719230,1370124,transaction,140644,8282
1433787533953,293600,transaction,55044,3462
1433817531739,841939,transaction,315685,17442
1433790323083,198764,transaction,167122,3107
1433791011996,841939,transaction,260005,11912
1433789246224,841939,transaction,148285,1774
1433789337564,213145,transaction,222294,4405
1433789639971,685143,transaction,343037,14828
1433796560883,358516,transaction,454818,9754
1433796836253,868057,transaction,397159,5970
1433798705541,761783,transaction,379953,14505
1433798705541,761783,transaction,316753,14505
1433797586621,1211071,transaction,224487,8762
1433798355952,493613,transaction,309005,5085
1433804185108,597416,transaction,259227,10854
1433825477182,724060,transaction,66405,7519
1433785484643,213145,transaction,73759,320
1433787429929,358516,transaction,84593,1611
1433786598548,966579,transaction,370390,11612
1433784306255,1212999,transaction,252023,17211
1433783538094,929382,transaction,400873,2027
1433784637710,1164964,transaction,81601,6135
1433782473147,358516,transaction,460553,8339
1433773747908,1397020,transaction,170262,12330
1433817531646,841939,transaction,71733,17442
1433743895904,858445,transaction,165169,4922
1433745750184,630803,transaction,432184,11150
1433800796921,1134975,transaction,161354,6273
1433801624394,841939,transaction,69685,14595
1433799620641,1093035,transaction,119736,6736
1433800857287,815215,transaction,375169,15611
1433802601161,100539,transaction,214847,5324
1433814613267,841939,transaction,148855,867
1433815147542,358516,transaction,77769,12263
1433806775734,358516,transaction,430094,12452
1433809343600,892355,transaction,394678,5517
1433794265542,407633,transaction,378076,12472
1433793150852,899857,transaction,355670,1887
1433794951817,917289,transaction,216248,1525
1433780368026,1320564,transaction,365044,8754
1433778933418,358516,transaction,432184,1135
1433793718291,213145,transaction,117075,8093
1433792984413,955081,transaction,107778,157
1433792987438,688237,transaction,388097,17117
1433792772201,734633,transaction,42328,17121
1433793393833,1185234,transaction,22436,14315
1433791969749,170618,transaction,54698,14866
1433793034455,892355,transaction,383828,8732
1433795813050,892355,transaction,187913,6845
1433797020811,841939,transaction,348099,8756
1433795838243,772213,transaction,71934,9639
1433797920980,213145,transaction,50443,5358
1433784498424,841939,transaction,291893,3232
1433829045499,5117,transaction,241061,8647
1433806662525,92347,transaction,372397,844
1433803131002,729572,transaction,109025,8107
1433802886058,340182,transaction,370885,16179
1433805937938,892355,transaction,161354,3713
1433785825279,841939,transaction,271930,10878
1433785116705,268385,transaction,148157,7108
1433785280979,1241621,transaction,11311,3179
1433775895199,1150613,transaction,101948,7374
1433818228083,358516,transaction,393978,3957
1433789504877,841939,transaction,122604,6215
1433791535835,301846,transaction,420960,9431
1433800546269,1157167,transaction,8426,11603
1433800931073,841939,transaction,230911,13627
1433813878203,892355,transaction,247307,12861
1433823274723,654292,transaction,393111,15462
1433818516562,841939,transaction,257040,15110
1433796279627,407633,transaction,378076,208
1433796782815,1039032,transaction,38483,7224
1433798515915,254130,transaction,25178,15594
1433805522217,551849,transaction,212216,10148
1433806613370,878229,transaction,78780,12340
1433806183527,1074034,transaction,161354,8303
1433794862118,713838,transaction,417621,8061
1433824777620,879063,transaction,309778,1837
1433785234959,396761,transaction,391728,12661
1433785159673,784757,transaction,423339,2682
1433785597677,841939,transaction,366238,4827
1433788222427,892355,transaction,206241,680
1433787806690,592953,transaction,307428,4963
1433785586361,929382,transaction,400873,14175
1433787205834,841939,transaction,178274,8409
1433743651702,1265850,transaction,200514,13663
1433763612658,1381830,transaction,420896,9551
1433743231860,486983,transaction,100393,10101
1433781437258,375110,transaction,382751,8150
1433781677671,1093035,transaction,76403,16497
1433784004953,591906,transaction,436694,13314
1433784306396,1212999,transaction,185082,17211
1433784306365,1212999,transaction,93829,17211
1433784306365,1212999,transaction,259647,17211
1433784306318,1212999,transaction,32500,17211
1433784306318,1212999,transaction,121149,17211
1433784306255,1212999,transaction,278380,17211
1433813246063,841939,transaction,405770,7974
1433814697018,94177,transaction,460553,16842
1433789782221,921444,transaction,414155,115
1433788553338,248671,transaction,439194,8785
1433790535818,213145,transaction,105601,33
1433791969702,170618,transaction,342264,14866
1433789900880,759678,transaction,153778,8878
1433791957282,188096,transaction,75820,3912
1433790569174,586700,transaction,280946,6765
1433799599398,1163475,transaction,217605,2202
1433801441472,199880,transaction,46995,8482
1433823887342,1106054,transaction,79504,7866
1433768290889,854310,transaction,175485,17510
1433776361428,450873,transaction,427499,8897
1433781026288,358516,transaction,188353,13596
1433778135441,213145,transaction,286731,10302
1433816974240,1299951,transaction,305675,8989
1433797920980,213145,transaction,263606,5358
1433797065501,381345,transaction,46232,15332
1433795795883,1093035,transaction,197083,14272
1433784871458,1093035,transaction,349537,8905
1433784306333,1212999,transaction,378834,17211
1433784306271,1212999,transaction,330029,17211
1433784306255,1212999,transaction,109239,17211
1433763099663,1381830,transaction,420896,15248
1433814940584,42435,transaction,315852,10005
1433813245954,841939,transaction,369158,7974
1433813380340,817448,transaction,224614,17254
1433804884637,841939,transaction,436195,6764
1433806165170,1274507,transaction,99596,7830
1433806615503,63208,transaction,362606,16249
1433774633549,521734,transaction,385116,9313
1433793345502,1183092,transaction,238182,1945
1433792063598,1219635,transaction,328370,5961
1433792713902,358516,transaction,149253,7936
1433821684588,123702,transaction,294210,16382
1433820628603,925703,transaction,76196,3624
1433820328789,370759,transaction,279517,5789
1433820540365,818205,transaction,61104,10945
1433785597677,841939,transaction,222285,4827
1433785597849,841939,transaction,113440,4827
1433785458714,396761,transaction,391728,12661
1433788553323,248671,transaction,424506,8785
1433790351615,639529,transaction,436115,1370
1433802256974,1306457,transaction,391728,1157
1433800530519,241863,transaction,232166,13959
1433800796921,1134975,transaction,281212,6273
1433816394160,841939,transaction,302587,6624
1433818193372,11333,transaction,403302,4190
1433795848999,358516,transaction,124193,3094
1433784004953,591906,transaction,97836,13314
1433782656103,274152,transaction,17478,14843
1433782144190,820191,transaction,110379,8676
1433784306380,1212999,transaction,297145,17211
1433784306365,1212999,transaction,211975,17211
1433784306349,1212999,transaction,192003,17211
1433784306318,1212999,transaction,38083,17211
1433781624581,841939,transaction,346203,6562
1433800546269,1157167,transaction,141937,11603
1433826141906,1325114,transaction,424506,706
1433802886058,340182,transaction,338148,16179
1433805641889,841939,transaction,420960,10401
1433805466011,112417,transaction,5848,13368
1433802936798,213145,transaction,207546,7172
1433743497141,858445,transaction,165169,16541
1433776401063,358516,transaction,188718,6113
1433813952810,1317826,transaction,185217,16234
1433785589734,951347,transaction,51792,16200
1433785597630,841939,transaction,448494,4827
1433873241077,748040,transaction,165347,793
1433872006265,841939,transaction,247755,1404
1433871770575,232491,transaction,361554,2072
1433908136584,534712,transaction,185680,12102
1433851017099,167556,transaction,400873,16184
1433834226468,434180,transaction,335041,1904
1433830661920,1373123,transaction,460553,6872
1433834850884,434180,transaction,335041,299
1433833956966,233899,transaction,37254,15138
1433869318259,134169,transaction,212006,2976
1433891598658,748040,transaction,360487,10756
1433890410347,960056,transaction,182986,5796
1433854881820,1402363,transaction,378611,8211
1433898575593,841939,transaction,247240,2777
1433900736615,897109,transaction,294245,6151
1433881393176,841939,transaction,39677,12866
1433881393176,841939,transaction,270532,12866
1433879614699,1093035,transaction,275361,1808
1433885317918,757199,transaction,238059,5229
1433894433399,569031,transaction,417927,1189
1433896319725,748040,transaction,63092,8634
1433893977641,841939,transaction,442131,11123
1433898085463,687775,transaction,414571,3742
1433878407099,1093035,transaction,16417,4108
1433875835770,748040,transaction,97437,2258
1433903805163,105795,transaction,94773,16614
1433904106000,1239575,transaction,77514,5608
1433902951781,1104300,transaction,256164,2628
1433884595594,841939,transaction,129138,13032
1433911252563,195248,transaction,408132,12639
1433868354396,732767,transaction,396344,3126
1433860094735,805249,transaction,85284,9928
1433854832843,1195980,transaction,275147,7894
1433858281118,343270,transaction,303828,1215
1433899309061,1143383,transaction,325256,11126
1433899308967,1143383,transaction,218626,11126
1433902810356,1359587,transaction,371327,7114
1433848548016,1128592,transaction,222613,8750
1433831108624,55018,transaction,397262,6275
1433885924443,76757,transaction,185570,15863
1433864234638,748040,transaction,326217,6274
1433881278977,1149372,transaction,288418,10139
1433881393176,841939,transaction,249702,12866
1433897686585,370007,transaction,218626,7976
1433895538016,748040,transaction,457231,11105
1433875977930,1093035,transaction,177522,10146
1433878009218,270492,transaction,137697,13832
1433878195804,401860,transaction,379390,9861
1433883963765,133777,transaction,62613,8019
1433884980280,1093035,transaction,139346,16357
1433908455050,718044,transaction,281735,10522
1433909211124,810900,transaction,268883,4633
1433914642263,1120402,transaction,276559,4602
1433867446774,371604,transaction,11390,17642
1433870027836,913285,transaction,210009,17433
1433899309014,1143383,transaction,390199,11126
1433881166166,149978,transaction,253156,5463
1433902951781,1104300,transaction,202825,2628
1433904839796,138131,transaction,390689,13731
1433876810189,685444,transaction,235971,13544
1433875835770,748040,transaction,23034,2258
1433875944413,859462,transaction,85945,7211
1433877404423,841939,transaction,253286,11496
1433875006348,568495,transaction,461686,2609
1433898085463,687775,transaction,402527,3742
1433864368010,371604,transaction,270745,1626
1433880780729,1356496,transaction,66509,12819
1433881977826,748040,transaction,455804,10511
1433880994262,1356496,transaction,66509,5136
1433883922293,371604,transaction,137102,3251
1433883466919,865646,transaction,109352,17120
1433914807016,1196552,transaction,261351,991
1433868359905,1093035,transaction,69519,12280
1433869261020,748040,transaction,268534,2614
1433873197304,756779,transaction,436694,8236
1433871408009,841939,transaction,424421,6916
1433871373980,1336520,transaction,396575,12063
1433871650225,371604,transaction,426751,7429
1433852263923,804876,transaction,149253,11232
1433891570414,315753,transaction,262646,10040
1433891762834,371604,transaction,35061,14627
1433890853246,841939,transaction,150730,15809
1433902826534,87660,transaction,292516,17355
1433899309061,1143383,transaction,98078,11126
1433878169312,748040,transaction,323191,7178
1433876923790,428220,transaction,323093,6947
1433888489544,832222,transaction,308209,3680
1433887297492,1168222,transaction,392826,9370
1433888366468,1118106,transaction,291877,796
1433862077391,667420,transaction,337512,6272
1433908135787,534712,transaction,320434,12102
1433907252081,505739,transaction,92678,1334
1433895284393,167876,transaction,203090,1374
1433866607469,371604,transaction,279052,15439
1433863444973,148811,transaction,93556,8016
1433903265015,1376241,transaction,416017,2056
1433904082646,138131,transaction,466109,8469
1433905509737,239319,transaction,422425,956
1433868359858,1093035,transaction,10384,12280
1433868354396,732767,transaction,18726,3126
1433868456667,607106,transaction,260194,12392
1433868450307,371604,transaction,259078,7504
1433867812103,296218,transaction,257410,6451
1433869024709,76757,transaction,264915,6981
1433891627141,1246441,transaction,16633,2525
1433900129086,969519,transaction,420960,3103
1433901732966,748040,transaction,276704,14565
1433880994247,1356496,transaction,248676,5136
1433881166166,149978,transaction,358211,5463
1433886448062,76757,transaction,234299,8575
1433862505376,1372317,transaction,101288,12587
1433861333419,768341,transaction,129624,8763
1433895661892,1158677,transaction,33912,11567
1433876751962,1058388,transaction,445695,702
1433874983190,841939,transaction,204209,1513
1433877588739,588087,transaction,111530,10175
1433878138811,221900,transaction,414640,6499
1433874150159,341098,transaction,139435,17419
1433874084668,837052,transaction,153036,7483
1433873248877,198153,transaction,72747,12526
1433870819642,1306125,transaction,254365,2696
1433868882911,1093035,transaction,446590,3535
1433904082646,138131,transaction,119736,8469
1433904649948,1143383,transaction,262979,3733
1433858182007,664130,transaction,127567,14328
1433890366491,1171799,transaction,138672,8501
1433891777336,841939,transaction,345136,11319
1433900222940,748040,transaction,187490,17165
1433900222924,748040,transaction,256766,17165
1433898859747,1296786,transaction,343861,16215
1433899309014,1143383,transaction,117438,11126
1433874983283,841939,transaction,85914,1513
1433877510924,1186389,transaction,167126,5645
1433875835770,748040,transaction,211207,2258
1433885803769,1093035,transaction,90835,11706
1433880625353,806371,transaction,237817,11164
1433881166166,149978,transaction,69941,5463
1433880780729,1356496,transaction,248676,12819
1433862505392,1372317,transaction,204677,12587
1433865479060,434489,transaction,326697,11983
1433862505392,1372317,transaction,388318,12587
1433958059517,1093035,transaction,158460,6398
1433961101058,701722,transaction,302478,14515
1433976818104,343404,transaction,44220,16824
1433977419992,446744,transaction,226628,11398
1433987797457,577262,transaction,2836,14700
1434002310138,32787,transaction,88325,5266
1434000587492,337411,transaction,40140,6041
1433916608044,835193,transaction,429449,13124
1433917878426,1258928,transaction,318225,3812
1433917878473,1258928,transaction,97132,3812
1433917878473,1258928,transaction,171465,3812
1433965524837,1204946,transaction,206241,9266
1433965319019,1143383,transaction,84321,7870
1433966984896,181318,transaction,336327,2883
1433966086792,145936,transaction,340918,2663
1433965494551,138131,transaction,8523,8277
1433965494551,138131,transaction,186702,8277
1433961904362,76757,transaction,151178,9161
1433965073374,748342,transaction,390069,3781
1433962853051,608844,transaction,51483,1498
1433962448419,551322,transaction,358417,11737
1433964305835,1143383,transaction,198683,9242
1433973463906,85734,transaction,307247,12513
1433973966708,1168431,transaction,304314,333
1433973966735,1168431,transaction,135591,333
1433975186785,146698,transaction,213423,10687
1433973618571,58730,transaction,185303,14624
1433973602980,422894,transaction,457970,7340
1433973380669,769676,transaction,206189,12028
1433972725447,138131,transaction,123548,1694
1433973564029,146698,transaction,213423,11207
1433972423536,76757,transaction,231482,16180
1433971044419,138131,transaction,284463,12216
1433970473284,1335805,transaction,5470,5002
1433971385530,138131,transaction,370390,3805
1433971764918,25156,transaction,446522,10225
1433970108032,76757,transaction,442131,12568
1433996940928,583003,transaction,363030,13635
1433999470368,1308761,transaction,387377,8522
1433983624761,236800,transaction,55925,645
1433983458548,79566,transaction,32971,11636
1433971565473,1207332,transaction,370390,7505
1433978407147,85734,transaction,408203,6794
1433978807105,459834,transaction,282385,10902
1433979616314,490761,transaction,50221,3418
1433986966124,791361,transaction,245200,12105
1433987797364,577262,transaction,102925,14700
1433961281378,76757,transaction,119736,7349
1433953809871,1234095,transaction,243406,16854
1433954701065,573267,transaction,230842,16024
1433955142674,67712,transaction,207825,11282
1433992121383,1169547,transaction,399192,7901
1433992863056,1393980,transaction,178498,6326
1433962853051,608844,transaction,272732,1498
1433964904710,1131632,transaction,196356,7736
1433962131241,697585,transaction,151178,6790
1433972692154,1093035,transaction,313072,9480
1433975236305,138131,transaction,403591,2917
1433975236305,138131,transaction,119736,2917
1433973597970,76757,transaction,230045,16072
1433976686894,1161163,transaction,461686,520
1433973022988,219788,transaction,428756,422
1433973019657,219788,transaction,392583,422
1433973019647,219788,transaction,445681,422
1433975115335,72155,transaction,390712,4692
1433948943707,1366154,transaction,422964,14024
1433966804222,1161163,transaction,24728,11434
1433967077177,422894,transaction,89901,13945
1433983979184,79566,transaction,32971,16859
1433982394135,343137,transaction,403039,9635
1433983988908,1161163,transaction,369158,8942
1433983988908,1161163,transaction,74518,8942
1433984961672,1246436,transaction,68106,232
1433953315392,76757,transaction,403,15843
1433953012033,1161163,transaction,422964,14901
1433969212120,932193,transaction,421987,16046
1433969491014,917038,transaction,198683,1698
1433978320926,1375515,transaction,247240,8059
1433978320926,1375515,transaction,369158,8059
1433978320880,1375515,transaction,216266,8059
1433979616314,490761,transaction,186491,3418
1433980723749,796000,transaction,76617,2941
1433947885856,156002,transaction,202354,13309
1433942783372,58024,transaction,351464,1685
1433948316411,1018985,transaction,461314,10652
1433960622646,1208957,transaction,106848,5885
1433960044375,62489,transaction,51755,9467
1433960224256,701722,transaction,302478,15246
1433958870979,1383306,transaction,234169,6028
1433960741923,76757,transaction,280375,14851
1433917878489,1258928,transaction,43392,3812
1433917878473,1258928,transaction,37043,3812
1433918069643,854863,transaction,146100,15759
1433918067391,1370101,transaction,238059,16925
1433955032164,741945,transaction,393768,3456
1433956571974,976950,transaction,417367,8549
1433957426587,76757,transaction,144704,682
1433986396221,1004711,transaction,132347,10628
1433987797457,577262,transaction,415062,14700
1433963130525,634300,transaction,96883,104
1433962057743,85734,transaction,425601,4305
1433961817339,1093035,transaction,407078,11692
1433962363942,1211110,transaction,409080,13490
1433975865576,616796,transaction,96269,13843
1433968696470,138131,transaction,300670,9980
1433965137447,460599,transaction,409080,6422
1433965607765,1093035,transaction,356998,4194
1433983125722,343137,transaction,325115,6528
1433984338634,1246436,transaction,68106,3744
1433949531674,1168431,transaction,109663,1699
1433950344651,1143383,transaction,124351,6922
1433990974610,55023,transaction,403969,13722
1433991428443,3847,transaction,388002,15017
1433968933605,867302,transaction,466079,16933
1433971044517,138131,transaction,127842,12216
1433980594700,804836,transaction,459264,13825
1433979031840,1303858,transaction,211581,13673
1433977597312,1161163,transaction,439679,10577
1433978320926,1375515,transaction,301721,8059
1433962853035,608844,transaction,281480,1498
1433965073374,748342,transaction,400077,3781
1434002310138,32787,transaction,133472,5266
1433961281378,76757,transaction,414654,7349
1433922930590,747537,transaction,110018,17280
1433956981738,1143383,transaction,62206,5257
1433956602220,1093035,transaction,156466,7493
1433989840339,1143383,transaction,140866,16911
1433987797379,577262,transaction,159555,14700
1433997078005,1005867,transaction,139936,6990
1433996941022,583003,transaction,245985,13635
1433974592808,1168431,transaction,109663,875
1433973380669,769676,transaction,80813,12028
1433974084166,348755,transaction,380237,16701
1433973019589,219788,transaction,165876,422
1433947259976,899857,transaction,332018,8656
1433941174292,538534,transaction,272969,15787
1433966628692,357339,transaction,432343,15932
1433966447340,225990,transaction,324209,13334
1433965137447,460599,transaction,360200,6422
1433968053772,138131,transaction,283916,12138
1433968573263,694977,transaction,317922,16037
1433971764918,25156,transaction,415331,10225
1433969247684,1213184,transaction,355671,4348
1433970108082,76757,transaction,119736,12568
1433978400621,1332508,transaction,110151,14632
1433979031905,1303858,transaction,88132,13673
1433987797379,577262,transaction,458124,14700
1433987797379,577262,transaction,340190,14700
1433990339661,86444,transaction,375820,3344
1433959220159,1093035,transaction,122219,4924
1433957710157,67712,transaction,207825,4799
1433957755007,910472,transaction,379390,6030
1433916945735,398779,transaction,218277,1913
1433931419357,1368221,transaction,370395,12630
1433954686731,195623,transaction,187549,7351
1433966079609,1236376,transaction,387747,9377
1433966086761,145936,transaction,400868,2663
1433964090285,1093035,transaction,172894,7036
1433965073374,748342,transaction,276704,3781
1433963517088,893784,transaction,327897,1783
1433962639068,269618,transaction,340749,14569
1433961509727,1134659,transaction,42002,15160
1433964756442,158533,transaction,15058,5074
1433961817339,1093035,transaction,456056,11692
1433964920949,546355,transaction,165259,15928
1433973019439,219788,transaction,451600,422
1433976251693,932193,transaction,421987,3202
1433972694278,555215,transaction,210087,17376
1433974592808,1168431,transaction,135591,875
1433939801036,1380233,transaction,202976,2297
1433981083909,146698,transaction,133814,2318
1433982077638,792741,transaction,255908,1532
1433949531667,1168431,transaction,135591,1699
1433951461140,650108,transaction,247698,7389
1433950068538,367329,transaction,365044,9310
1433950866900,1143383,transaction,2829,2251
1433976878089,455562,transaction,187374,14723
1433980913593,796000,transaction,76617,17519
1433979616314,490761,transaction,16910,3418
1433988313067,58024,transaction,463871,3487
1433988955899,1161163,transaction,391662,3953
1433987797379,577262,transaction,430546,14700
1433987797379,577262,transaction,339070,14700
1434000456008,1320730,transaction,309778,16989
1433924668649,830003,transaction,238059,14479
1433917878489,1258928,transaction,413273,3812
1433918028407,329397,transaction,449010,10163
1433954103896,277968,transaction,312728,1436
1433956145523,792741,transaction,77514,5658
1433956602220,1093035,transaction,130113,7493
1433955374371,1012516,transaction,393768,450
1433968355353,1390828,transaction,319942,5420
1433964256634,172623,transaction,307728,1604
1433961904472,76757,transaction,34320,9161
1433964756442,158533,transaction,181202,5074
1433962131272,697585,transaction,34320,6790
1433964865448,76757,transaction,291559,1621
1433962757135,138131,transaction,47415,10438
1433962852988,608844,transaction,272649,1498
1433974894034,138131,transaction,113419,2373
1433975032827,1103840,transaction,180751,12086
1433973380685,769676,transaction,287472,12028
1433972731888,767419,transaction,7943,3275
1433959535515,76757,transaction,67438,14193
1433958910011,1206508,transaction,109312,141
1433960427402,1143383,transaction,208939,12504
1433959115378,1255071,transaction,120114,17160
1433996705619,121370,transaction,123664,12732
1433996860038,436797,transaction,226828,7667
1433983665068,409446,transaction,126623,8325
1433951059959,138131,transaction,362348,527
1434214963127,871971,transaction,461686,13408
1434249657369,1065255,transaction,181687,12428
1434259156144,528074,transaction,24418,4165
1434228495948,1065255,transaction,445706,7069
1434204613736,546022,transaction,46232,10778
1434233554046,1363344,transaction,227667,529
1434260836882,1119195,transaction,368033,6162
1434213545067,1143383,transaction,194467,1723
1434213560985,1165148,transaction,42002,2953
1434240517461,807851,transaction,461686,3230
1434231162795,807851,transaction,360292,15279
1434231708637,1065255,transaction,384173,8001
1434221627761,893155,transaction,88831,12802
1434210758332,1143383,transaction,248904,3640
1434176709975,418715,transaction,90389,3071
1434175525320,1396823,transaction,173291,5728
1434215228602,1143383,transaction,92271,3913
1434213276855,197591,transaction,393144,14919
1434241336158,261793,transaction,233439,13560
1434242946346,870052,transaction,465751,4983
1434259156897,528074,transaction,312781,4165
1434258338523,521419,transaction,188084,12311
1434250606908,1065255,transaction,102925,11072
1434181494627,221099,transaction,361431,4882
1434228495957,1065255,transaction,115001,7069
1434236638763,876481,transaction,169583,15004
1434244116132,345276,transaction,53480,10228
1434259100200,1305909,transaction,81346,60
1434259156756,528074,transaction,222604,4165
1434258624362,1342961,transaction,63102,5999
1434223485611,417215,transaction,233439,4483
1434175898517,748586,transaction,387747,15188
1434230740261,1065255,transaction,441668,17078
1434224239578,168761,transaction,338307,2718
1434235236455,213089,transaction,42002,6383
1434239760216,1065255,transaction,251751,16852
1434176962557,1381398,transaction,13879,15370
1434247505784,814619,transaction,433667,1742
1434215544333,1223981,transaction,53480,3044
1434217672247,186733,transaction,259725,6946
1434257955768,1251411,transaction,358348,1718
1434258369433,23730,transaction,113535,2934
1434256608696,1173572,transaction,313375,14331
1434242578747,345276,transaction,19629,231
1434246432867,345276,transaction,355396,7900
1434244308755,1065255,transaction,416017,5493
1434176709975,418715,transaction,159822,3071
1434230544802,566474,transaction,247240,8697
1434231172796,250527,transaction,212705,9558
1434231023608,809973,transaction,187934,14173
1434239732876,221099,transaction,361431,12698
1434079453795,676735,transaction,29712,10650
1434074762585,960973,transaction,115889,7857
1434074800601,1161163,transaction,332691,5119
1434077292739,1150086,transaction,332592,7821
1434067334086,1161163,transaction,5848,2104
1434067805221,1161163,transaction,94521,11740
1434080976179,263205,transaction,243606,14536
1434086190984,144274,transaction,181576,11628
1434005710870,450043,transaction,204573,13492
1434022737038,905936,transaction,12765,2259
1434006877172,783282,transaction,111179,1625
1434040458081,906765,transaction,292444,11979
1434058955844,1234667,transaction,287345,838
1434061692458,1161163,transaction,454640,17592
1434060970289,1052311,transaction,97836,16620
1434054946131,822310,transaction,272988,17493
1434054946131,822310,transaction,443161,17493
1434052608925,154476,transaction,43267,6647
1434048260372,502189,transaction,133907,12713
1434086403830,144274,transaction,181576,16846
1434037075170,350176,transaction,194711,10220
1434037348016,1150086,transaction,375955,6495
1434033743396,848163,transaction,350527,5874
1434026164488,509833,transaction,4442,7599
1434028038881,45018,transaction,444593,2717
1434045877813,1156969,transaction,104478,16606
1434046348215,628536,transaction,282988,13520
1434067900368,940498,transaction,71530,17382
1434049852408,198153,transaction,312728,11773
1434048980043,824842,transaction,133907,1183
1434051605164,937584,transaction,248327,5937
1434058611068,557470,transaction,496,10366
1434054946147,822310,transaction,70004,17493
1434054946147,822310,transaction,420549,17493
1434054946052,822310,transaction,6518,17493
1434054946052,822310,transaction,350061,17493
1434078474593,465507,transaction,26644,14591
1434056835127,1161163,transaction,411886,17562
1434059644847,483168,transaction,215824,11285
1434058611068,557470,transaction,80885,10366
1434068805043,1150086,transaction,464196,8261
1434049026441,280692,transaction,207420,10790
1434048833265,502189,transaction,338543,16199
1434049499677,696363,transaction,446306,9870
1434049513683,76757,transaction,144704,4396
1434049406623,918146,transaction,432478,4223
1434051605164,937584,transaction,459475,5937
1434045365631,696363,transaction,446306,13968
1434012162204,410841,transaction,461686,6094
1434012162267,410841,transaction,132445,6094
1434007766427,250372,transaction,295196,8386
1434035057773,676700,transaction,328467,14691
1434031440607,585036,transaction,117314,12562
1434028038881,45018,transaction,216266,2717
1434060090795,1150086,transaction,277638,9566
1434062538975,573431,transaction,50668,6655
1434060970289,1052311,transaction,314715,16620
1434037214218,892355,transaction,384744,6979
1434037305931,1378125,transaction,240470,9940
1434074628782,861651,transaction,8015,5956
1434054104468,1284340,transaction,347974,4657
1434054946131,822310,transaction,351861,17493
1434054946209,822310,transaction,164970,17493
1434053963149,1284340,transaction,248840,10284
1434074836716,576696,transaction,398141,3267
1434074800757,1161163,transaction,190806,5119
1434056187776,1161163,transaction,325999,11243
1434059600004,1161163,transaction,26634,134
1434058978784,1150086,transaction,310620,4070
1434086720379,232337,transaction,243626,2606
1434036525614,1150086,transaction,398115,7510
1434035057773,676700,transaction,182880,14691
1434035057758,676700,transaction,256146,14691
1434041420062,1266370,transaction,340375,5108
1434041389763,751321,transaction,181227,4956
1434007766223,250372,transaction,14741,8386
